008,008
008,008
008,008
008,008
008,008
008,008
008,008
008,008
008,008
008,008
008,008
008,008
008,008
008,008
008,008
008,008
008,008
008,008
008,008
008,008
008,008
008,008
008,008
008,008
008,008
008,008
008,008
008,008
008,008
008,008
008,008
008,008
008,008
008,008
008,008
008,008
008,008
008,008
008,008
008,008
008,009
008,008
008,008
008,008
008,007
008,008
008,008
008,001
008,001
008,001
008,008
008,007
008,007
008,007
008,007
008,007
008,007
008,007
008,007
008,007
008,007
008,007
008,008
008,007
008,009
008,005
008,008
008,007
008,007
008,007
008,007
008,007
008,007
008,007
008,007
008,007
008,007
008,007
008,009
008, ,68
001,001
001,003
001,003
001,003
001,003
001,003
001,003
001,003
001,003
001,001
001,005
001,006
001,008
001,008
001,006
001,001
001,004
001,007
001,006
001,007
001,001
001,006
001,005
001,001
001,001
001,001
001,003
001, ,11
005,005
005,005
005,001
005,001
005,001
005,001
005,001
005,005
005,005
005,001
005,001
005,005
005,001
005,001
005,003
005,005
005,008
005,005
005,008
005,008
005,008
005,008
005,008
005,008
005,008
005,008
005,008
005,005
005,009
005,006
005,006
005,006
005,006
005,005
005,008
005,006
005,005
005,005
005,005
005,005
005,005
005,005
005,005
005,008
005,007
005,007
005,005
005,005
005,007
005, ,36
005,005
005,005
005,005
005,005
005,005
005,005
005,005
005,005
005,005
005,005
005,005
005,005
005,006
005,005
005,005
005,005
005,005
005,005
005,005
005,005
005,005
005,005
005,005
005,005
005,005
005,006
005,005
005,006
005,006
005,006
005,006
005,006
005,006
005,005
005,001
005,005
005,005
005,006
005,006
005,006
005,005
005,005
005,006
005,008
005,008
005,006
005,006
005,008
005,006
005, ,61
003,003
003,005
003,001
003,001
003,009
003,009
003,008
003,005
003,005
003,002
003,003
003,003
003,003
003,003
003,003
003,003
003,003
003,003
003,005
003, ,21
009,009
009,009
009,009
009,009
009,009
009,009
009,005
009,009
009,007
009,008
009,008
009,003
009,008
009,008
009,008
009,008
009,008
009, ,41
008,008
008,008
008,005
008,008
008,008
008,008
008,005
008,008
008,008
008,008
008,008
008,008
008,006
008,006
008,006
008,006
008,008
008,008
008,008
008,008
008,008
008,008
008,008
008,008
008,008
008,008
008,008
008,003
008,008
008,008
008,007
008,008
008,008
008,008
008,008
008,008
008,008
008,008
008,008
008,008
008,008
008,008
008,008
008,006
008,008
008,008
008,008
008,008
008,008
008,008
008,009
008,008
008,001
008,001
008,001
008,008
008,008
008,008
008,008
008,008
008,008
008,008
008,008
008,007
008,008
008,007
008,007
008,007
008,007
008,007
008,007
008,007
008,007
008,007
008,007
008,008
008,007
008,007
008,007
008, ,79
007,007
007,007
007,007
007,007
007,007
007,007
007,007
007,007
007,007
007,007
007,007
007,007
007,007
007,007
007,007
007,007
007,007
007,007
007,007
007,007
007,007
007,006
007,007
007,007
007,007
007,006
007,006
007,006
007,006
007,009
007,006
007,007
007,007
007,008
007,001
007,001
007,001
007, ,70
006,005
006,006
006,004
006,006
006,004
006,008
006,009
006,008
006,008
006,006
006,004
006,008
006,005
006,004
006,008
006,008
006,008
006,008
006,008
006,008
006,008
006,008
006,008
006,008
006,008
006, ,16
008,008
008,008
008,008
008,008
008,008
008,008
008,008
008,008
008,008
008,008
008,008
008,008
008,008
008,008
008,008
008,008
008,008
008,008
008,008
008,008
008,008
008,008
008,008
008,008
008,008
008,008
008,008
008,008
008,008
008,008
008,005
008,008
008,009
008,008
008,008
008,008
008,008
008,008
008,008
008,008
008,008
008,008
008,009
008,008
008,009
008,008
008,008
008,008
008,008
008,008
008,008
008,003
008,005
008,009
008,008
008,008
008,001
008,001
008,001
008,008
008,007
008,008
008,008
008,008
008,008
008,008
008,008
008,008
008,008
008,008
008,008
008,008
008,008
008,008
008,007
008,008
008,008
008,007
008,003
008, ,86
008,008
008,008
008,008
008,008
008,008
008,008
008,008
008,008
008,008
008,008
008,008
008,008
008,008
008,008
008,008
008,008
008,008
008,008
008,008
008,008
008,008
008,007
008,008
008,008
008,008
008,008
008,008
008,008
008,001
008,001
008,001
008,008
008,008
008,008
008,008
008,007
008,008
008,008
008,008
008,008
008,008
008,005
008,008
008,008
008,008
008,008
008,008
008,008
008,008
008,008
008,008
008,008
008,008
008,008
008,008
008,007
008,008
008,008
008,005
008,008
008,007
008,008
008,007
008,009
008,003
008,007
008,007
008,007
008,007
008,007
008,008
008,009
008,009
008,008
008,007
008,007
008,008
008,007
008,007
008, ,69
008,008
008,008
008,008
008,008
008,008
008,008
008,008
008,008
008,008
008,008
008,008
008,008
008,008
008,008
008,008
008,008
008,008
008,008
008,008
008,008
008,008
008,008
008,008
008,008
008,008
008,008
008,008
008,008
008,008
008,008
008,008
008,008
008,008
008,008
008,008
008,008
008,008
008,008
008,008
008,008
008,008
008,008
008,008
008,008
008,008
008,008
008,008
008,008
008,008
008,008
008,008
008,008
008,008
008,008
008,007
008,008
008,001
008,001
008,001
008,007
008,007
008,007
008,007
008,007
008,008
008,007
008,007
008,008
008,007
008,007
008,005
008,007
008,007
008,008
008,008
008,007
008,008
008,009
008,007
008, ,74
008,008
008,008
008,008
008,008
008,008
008,008
008,008
008,008
008,008
008,008
008,008
008,009
008,009
008,008
008,005
008,008
008,005
008,005
008,005
008,005
008,005
008,009
008,005
008,008
008,005
008,005
008,009
008,003
008,008
008,007
008,005
008,008
008,008
008,003
008,006
008,006
008,008
008,009
008,003
008,006
008,006
008,009
008,008
008,008
008,007
008,006
008,006
008,005
008,006
008,006
008,003
008,003
008,003
008,003
008,008
008,003
008,003
008,003
008,009
008,009
008,005
008,008
008,008
008,006
008,008
008,003
008,003
008,006
008,009
008,008
008,008
008,005
008,006
008,008
008,008
008,008
008,008
008,008
008,008
008, ,40
008,008
008,008
008,008
008,008
008,008
008,008
008,008
008,008
008,008
008,008
008,008
008,008
008,008
008,008
008,008
008,008
008,008
008,008
008,008
008,008
008,008
008,008
008,008
008,008
008,008
008,008
008,008
008,008
008,008
008,008
008,008
008,008
008,008
008,008
008,008
008,008
008,008
008,008
008,008
008,008
008,008
008,008
008,008
008,008
008,009
008,008
008,008
008,008
008,008
008,008
008,008
008,008
008,009
008,008
008,007
008,008
008,008
008,005
008,008
008,008
008,001
008,001
008,001
008,005
008,005
008,005
008,008
008,008
008,008
008,005
008,008
008,008
008,009
008,008
008,007
008,008
008,007
008,007
008,007
008, ,86
008,008
008,008
008,008
008,008
008,008
008,008
008,008
008,008
008,008
008,008
008,008
008,008
008,008
008,008
008,008
008,008
008,008
008,008
008,008
008,008
008,008
008,008
008,008
008,008
008,007
008,008
008,008
008,008
008,008
008,008
008,008
008,008
008,008
008,009
008,005
008,009
008,008
008,008
008,008
008,008
008,008
008,008
008,008
008,008
008,008
008,008
008,008
008,008
008,008
008,008
008,008
008,008
008,008
008,008
008,008
008,008
008,008
008,005
008,008
008,008
008,006
008,008
008,008
008,008
008,008
008,005
008,008
008,009
008,001
008,001
008,001
008,008
008,008
008,008
008,008
008,009
008,008
008,008
008,008
008, ,84
008,008
008,008
008,008
008,008
008,008
008,008
008,008
008,008
008,008
008,008
008,008
008,008
008,008
008,008
008,008
008,008
008,008
008,008
008,008
008,008
008,008
008,008
008,008
008,008
008,008
008,008
008,008
008,007
008,008
008,008
008,008
008,008
008,008
008,008
008,008
008,008
008,008
008,008
008,008
008,008
008,008
008,008
008,008
008,008
008,008
008,008
008,008
008,008
008,008
008,003
008,008
008,007
008,007
008,007
008,007
008,008
008,008
008,008
008,008
008,008
008,007
008,008
008,008
008,008
008,001
008,001
008,001
008,003
008,007
008,008
008,008
008,008
008,008
008,008
008,008
008,008
008,005
008,008
008,009
008, ,82
005,005
005,005
005,005
005,005
005,005
005,005
005,003
005,005
005,005
005,005
005,005
005,005
005,006
005,006
005,008
005,005
005,006
005,005
005,005
005,005
005,005
005,006
005,005
005,001
005,005
005,003
005,006
005,005
005,008
005,008
005,005
005,005
005,005
005,005
005,006
005,008
005,005
005,008
005,008
005,008
005,009
005,009
005,008
005,005
005,008
005,008
005,005
005,003
005,001
005, ,40
008,008
008,008
008,008
008,008
008,008
008,008
008,008
008,008
008,008
008,008
008,008
008,008
008,008
008,008
008,008
008,008
008,008
008,008
008,008
008,008
008,008
008,008
008,008
008,007
008,008
008,008
008,008
008,008
008,008
008,005
008,008
008,008
008,007
008,005
008,008
008,005
008,008
008,008
008,008
008,008
008,008
008,005
008,008
008,005
008,005
008,008
008,008
008,008
008,007
008,007
008,007
008,007
008,007
008,007
008,001
008,001
008,001
008,009
008,003
008, ,49
008,008
008,008
008,008
008,008
008,008
008,008
008,008
008,008
008,008
008,008
008,008
008,008
008,008
008,008
008,008
008,008
008,008
008,008
008,008
008,008
008,008
008,008
008,008
008,008
008,008
008,008
008,008
008,008
008,008
008,008
008,008
008,008
008,008
008,008
008,008
008,008
008,008
008,008
008,008
008,008
008,008
008,008
008,008
008,008
008,008
008,008
008,008
008,008
008,008
008,008
008,008
008,008
008,008
008,007
008,001
008,001
008,001
008,008
008,007
008,007
008,008
008,008
008,008
008,008
008,008
008,007
008,007
008,007
008,007
008,007
008,007
008,007
008,007
008,007
008,007
008,007
008,007
008,007
008,007
008, ,73
008,008
008,008
008,008
008,008
008,008
008,008
008,008
008,008
008,008
008,008
008,008
008,008
008,008
008,008
008,008
008,008
008,008
008,008
008,008
008,008
008,008
008,008
008,008
008,008
008,008
008,008
008,008
008,008
008,008
008,008
008,008
008,008
008,008
008,007
008,008
008,008
008,008
008,008
008,008
008,008
008,008
008,008
008,008
008,008
008,008
008,008
008,003
008,005
008,009
008,008
008,008
008,007
008,008
008,008
008,008
008,003
008,008
008,008
008,008
008,008
008,007
008,007
008,007
008,007
008,008
008,009
008,008
008,001
008,001
008,001
008,005
008,005
008,007
008,005
008,009
008,008
008,007
008,007
008,007
008, ,72
008,008
008,008
008,008
008,008
008,008
008,008
008,008
008,008
008,008
008,008
008,008
008,008
008,008
008,008
008,008
008,008
008,008
008,008
008,008
008,008
008,008
008,008
008,008
008,008
008,008
008,008
008,008
008,008
008,008
008,008
008,008
008,008
008,008
008,008
008,008
008,008
008,008
008,008
008,008
008,008
008,008
008,007
008,008
008,008
008,008
008,008
008,008
008,008
008,008
008,008
008,008
008,008
008,008
008,008
008,008
008,008
008,008
008,008
008,007
008,001
008,001
008,001
008,007
008,005
008,008
008,009
008,007
008,008
008,007
008,007
008,007
008,007
008,008
008,008
008,007
008,008
008,008
008,003
008,008
008, ,82
008,008
008,008
008,008
008,008
008,008
008,008
008,008
008,008
008,008
008,008
008,008
008,009
008,009
008,008
008,005
008,008
008,005
008,005
008,005
008,005
008,005
008,009
008,005
008,005
008,005
008,008
008,005
008,009
008,007
008,008
008,003
008,008
008,003
008,006
008,008
008,006
008,008
008,003
008,006
008,006
008,009
008,008
008,009
008,006
008,006
008,008
008,008
008,006
008,009
008,007
008,009
008,003
008,003
008,003
008,003
008,003
008,003
008,005
008,003
008,008
008,008
008,005
008,006
008,006
008,008
008,008
008,006
008,003
008,003
008,009
008,005
008,006
008,008
008,008
008,008
008,008
008,008
008,008
008,008
008, ,40
009,009
009,009
009,009
009,009
009,009
009,003
009,009
009,009
009,009
009,009
009,005
009,007
009,009
009,008
009,003
009,003
009,003
009, ,58
008,008
008,001
008,001
008,001
008,008
008,008
008,008
008,008
008,008
008,008
008,008
008,008
008,008
008,008
008,008
008,008
008,008
008,008
008,008
008,008
008,008
008,008
008,008
008,008
008,008
008,008
008,008
008,008
008,008
008,008
008,008
008,008
008,008
008,008
008,008
008,008
008,008
008,008
008,008
008,008
008,008
008,007
008,008
008,008
008,008
008,008
008,008
008,008
008,008
008,008
008,008
008,008
008,008
008,008
008,008
008,008
008,007
008,007
008,009
008,008
008,008
008,008
008,008
008,008
008,008
008,007
008,007
008,006
008,007
008,007
008,007
008,007
008,007
008,005
008,007
008,007
008,007
008,003
008,003
008, ,74
009,005
009,007
009,007
009,009
009,007
009,009
009,007
009,007
009,006
009,007
009,007
009,002
009,001
009,001
009,001
009,009
009,004
009, ,29
008,008
008,008
008,008
008,008
008,008
008,008
008,008
008,008
008,008
008,008
008,008
008,008
008,008
008,008
008,008
008,008
008,008
008,008
008,008
008,008
008,008
008,008
008,008
008,008
008,008
008,008
008,008
008,008
008,008
008,008
008,008
008,008
008,005
008,008
008,007
008,008
008,008
008,005
008,008
008,008
008,005
008,008
008,005
008,007
008,007
008,007
008,007
008,005
008,007
008,008
008,007
008,001
008,001
008,001
008,007
008,005
008,007
008,008
008,008
008,008
008,008
008,008
008,008
008,005
008,008
008,008
008,009
008,008
008,008
008,007
008,008
008,008
008,008
008,005
008,007
008,008
008,008
008,008
008,008
008, ,69
005,005
005,005
005,005
005,005
005,005
005,005
005,005
005,005
005,005
005,005
005,005
005,005
005,005
005,005
005,005
005,005
005,005
005,005
005,005
005,005
005,005
005,005
005,006
005,005
005,006
005,005
005,005
005,005
005,003
005,005
005,005
005,008
005,005
005,003
005,005
005,005
005,009
005,008
005,009
005,005
005,005
005,003
005,003
005,009
005,003
005,004
005,004
005,004
005,004
005, ,57
008,008
008,008
008,008
008,008
008,008
008,008
008,008
008,008
008,008
008,008
008,008
008,009
008,009
008,008
008,008
008,005
008,005
008,005
008,005
008,005
008,005
008,003
008,009
008,007
008,006
008,006
008,005
008,009
008,009
008,006
008,005
008,006
008,005
008,005
008,006
008,005
008,006
008,008
008,006
008,008
008,008
008,006
008,006
008,009
008,008
008,008
008,003
008,001
008,007
008,008
008,006
008,008
008,005
008,008
008,007
008,005
008,006
008,009
008,008
008,009
008,008
008,005
008,005
008,005
008,005
008,005
008,006
008,008
008,008
008,006
008,008
008,008
008,008
008,008
008,008
008,008
008,003
008,003
008,003
008, ,41
008,008
008,008
008,008
008,008
008,008
008,008
008,008
008,008
008,008
008,008
008,008
008,008
008,008
008,008
008,008
008,008
008,008
008,008
008,008
008,008
008,008
008,008
008,008
008,008
008,008
008,008
008,008
008,008
008,008
008,008
008,008
008,008
008,008
008,007
008,008
008,008
008,008
008,008
008,008
008,008
008,008
008,008
008,008
008,008
008,008
008,008
008,003
008,005
008,009
008,008
008,008
008,007
008,008
008,008
008,008
008,003
008,008
008,008
008,008
008,008
008,007
008,007
008,007
008,007
008,008
008,009
008,008
008,001
008,001
008,001
008,005
008,005
008,007
008,005
008,009
008,008
008,007
008,007
008,007
008, ,72
005,005
005,005
005,005
005,005
005,005
005,002
005,001
005,005
005,005
005,005
005,005
005,005
005,005
005,005
005,006
005,005
005, ,4
007,007
007,007
007,007
007,007
007,007
007,007
007,007
007,007
007,007
007,007
007,007
007,007
007,001
007,007
007,007
007,007
007,007
007,007
007,007
007,007
007,007
007,008
007,007
007,007
007,006
007,007
007,007
007,009
007,008
007,006
007,006
007,006
007,006
007,007
007,005
007,007
007,006
007, ,70
004,009
004,009
004,004
004,004
004,005
004,006
004,003
004,002
004,004
004,001
004,001
004, ,45
005,006
005,008
005,005
005,009
005,005
005,005
005,009
005,008
005,005
005,009
005,009
005,008
005,008
005,008
005,008
005,008
005,008
005,009
005,008
005,005
005,008
005,005
005,005
005,003
005,007
005,005
005,008
005,005
005,008
005,005
005,009
005,006
005,008
005,008
005,007
005,007
005,007
005,001
005,005
005,008
005,003
005,008
005,008
005,008
005,008
005,008
005,007
005,009
005,006
005, ,22
009,009
009,009
009,006
009,006
009,009
009,003
009,003
009,006
009,009
009,005
009,006
009,009
009,005
009,002
009,007
009,003
009,003
009, ,29
006,006
006,006
006,006
006,006
006,006
006,006
006,006
006,005
006,006
006,005
006,006
006,006
006,006
006,006
006,009
006,005
006,009
006,006
006,008
006,006
006,005
006,003
006,005
006,006
006,005
006, ,40
001,001
001,003
001,005
001,004
001,001
001,006
001,006
001,008
001,001
001,006
001,007
001,007
001,006
001,005
001,005
001,009
001,004
001,001
001,003
001,005
001,003
001,003
001,003
001,003
001,003
001,003
001,003
001, ,11
007,007
007,007
007,007
007,007
007,007
007,007
007,007
007,007
007,007
007,007
007,007
007,007
007,007
007,007
007,007
007,007
007,007
007,007
007,007
007,007
007,007
007,007
007,007
007,007
007,007
007,007
007,006
007,007
007,006
007,006
007,006
007,006
007,006
007,006
007,007
007,006
007,008
007, ,78
006,006
006,005
006,006
006,006
006,006
006,006
006,006
006,006
006,006
006,006
006,001
006,005
006,006
006,006
006,006
006,006
006,007
006,005
006,007
006,006
006,006
006,005
006,005
006,005
006,005
006, ,56
007,007
007,007
007,007
007,007
007,007
007,007
007,007
007,007
007,007
007,007
007,007
007,007
007,007
007,007
007,007
007,007
007,007
007,007
007,007
007,007
007,007
007,007
007,007
007,007
007,008
007,007
007,007
007,008
007,007
007,007
007,007
007,007
007,007
007,007
007,007
007,007
007,008
007, ,89
007,007
007,007
007,007
007,007
007,007
007,007
007,007
007,007
007,008
007,007
007,007
007,007
007,007
007,007
007,007
007,007
007,007
007,007
007,007
007,007
007,007
007,007
007,007
007,007
007,008
007,007
007,007
007,007
007,007
007,007
007,007
007,007
007,007
007,007
007,007
007,007
007,007
007, ,86
007,007
007,007
007,007
007,007
007,007
007,007
007,007
007,007
007,007
007,007
007,007
007,007
007,007
007,007
007,007
007,007
007,007
007,008
007,009
007,007
007,007
007,007
007,007
007,007
007,008
007,007
007,007
007,007
007,007
007,007
007,007
007,007
007,008
007,008
007,008
007,008
007,007
007, ,67
005,005
005,005
005,005
005,005
005,005
005,005
005,005
005,005
005,005
005,005
005,005
005,005
005,005
005,005
005,005
005,005
005,005
005,006
005,008
005,008
005,007
005,008
005,007
005,005
005,009
005,008
005,007
005,007
005,005
005,005
005,007
005,005
005,005
005,001
005,005
005,005
005,005
005,008
005,008
005,005
005,008
005,008
005,008
005,007
005,007
005,007
005,007
005,008
005,005
005, ,59
009, ,0
001,001
001,001
001,001
001,004
001,001
001,001
001,001
001,001
001,001
001,001
001,001
001,001
001,001
001,004
001,004
001,004
001,007
001,007
001,007
001,008
001,005
001,006
001,005
001,004
001,006
001,007
001,004
001, ,51
007,007
007,007
007,007
007,007
007,007
007,007
007,007
007,007
007,007
007,007
007,007
007,007
007,007
007,007
007,007
007,007
007,007
007,007
007,007
007,007
007,007
007,007
007,007
007,007
007,008
007,007
007,007
007,008
007,007
007,007
007,007
007,007
007,007
007,007
007,007
007,007
007,008
007, ,89
006,006
006,006
006,006
006,006
006,007
006,007
006,007
006,007
006,007
006,007
006,007
006,006
006,006
006,006
006,006
006,006
006,006
006,006
006,005
006,006
006,008
006,007
006,005
006,005
006,006
006, ,44
007,007
007,007
007,007
007,007
007,007
007,007
007,007
007,007
007,007
007,007
007,008
007,008
007,007
007,008
007,008
007,008
007,008
007,007
007,007
007,007
007,007
007,007
007,007
007,007
007,007
007,008
007,007
007,007
007,007
007,007
007,009
007,007
007,007
007,007
007,007
007,007
007,007
007, ,78
007,007
007,007
007,007
007,007
007,007
007,007
007,007
007,007
007,007
007,007
007,007
007,007
007,007
007,007
007,007
007,007
007,007
007,007
007,007
007,007
007,007
007,007
007,007
007,007
007,007
007,003
007,007
007,008
007,006
007,007
007,006
007,006
007,006
007,006
007,006
007,008
007,006
007, ,72
006,006
006,006
006,006
006,006
006,006
006,006
006,005
006,005
006,006
006,009
006,006
006,006
006,005
006,003
006,005
006,005
006,008
006,008
006,006
006,009
006,008
006,008
006,008
006,008
006,006
006, ,32
008,008
008,008
008,008
008,008
008,008
008,008
008,008
008,008
008,008
008,008
008,008
008,008
008,008
008,008
008,008
008,008
008,008
008,008
008,008
008,008
008,007
008,008
008,008
008,008
008,005
008,008
008,008
008,008
008,008
008,008
008,008
008,001
008,001
008,001
008,008
008,008
008,008
008,008
008,008
008,009
008,007
008,009
008,008
008,008
008,008
008,008
008,008
008,008
008,008
008,008
008,008
008,008
008,007
008,008
008,008
008,008
008,008
008,008
008,007
008,008
008,005
008,008
008,008
008,007
008,007
008,007
008,005
008,001
008,008
008,005
008,005
008,001
008,005
008,005
008,005
008,008
008,007
008,009
008,003
008, ,65
005,008
005,005
005,005
005,005
005,005
005,008
005,009
005,005
005,005
005,005
005,005
005,005
005,005
005,005
005,005
005,005
005,005
005,005
005,005
005,008
005,005
005,005
005,008
005,008
005,005
005,007
005,008
005,008
005,006
005,005
005,005
005,006
005,006
005,006
005,006
005,008
005,005
005,008
005,008
005,008
005,008
005,008
005,005
005,009
005,008
005,008
005,008
005,008
005,009
005, ,48
007,007
007,007
007,007
007,007
007,007
007,007
007,007
007,007
007,007
007,007
007,007
007,007
007,007
007,007
007,007
007,007
007,007
007,007
007,007
007,007
007,007
007,007
007,007
007,007
007,007
007,007
007,007
007,007
007,007
007,001
007,001
007,007
007,007
007,007
007,001
007,001
007,007
007, ,89
004,004
004,004
004,004
004,004
004,004
004,004
004,004
004,001
004,001
004,001
004,001
004, ,63
007,007
007,007
007,007
007,007
007,007
007,007
007,007
007,007
007,007
007,007
007,007
007,007
007,007
007,007
007,008
007,007
007,007
007,007
007,007
007,007
007,007
007,007
007,007
007,008
007,007
007,007
007,007
007,007
007,007
007,007
007,007
007,007
007,007
007,007
007,007
007,007
007,007
007, ,94
007,007
007,007
007,007
007,007
007,007
007,007
007,007
007,007
007,007
007,007
007,007
007,007
007,007
007,007
007,007
007,007
007,007
007,007
007,007
007,007
007,007
007,007
007,007
007,007
007,007
007,007
007,007
007,007
007,007
007,001
007,001
007,001
007,007
007,007
007,007
007,008
007,007
007, ,89
007,007
007,007
007,007
007,007
007,007
007,007
007,007
007,007
007,007
007,007
007,007
007,007
007,007
007,007
007,007
007,007
007,007
007,007
007,007
007,007
007,007
007,006
007,007
007,007
007,007
007,006
007,006
007,006
007,006
007,009
007,006
007,007
007,007
007,008
007,001
007,001
007,001
007, ,70
001,001
001,001
001,001
001,001
001,001
001,001
001,001
001,001
001,001
001,001
001,006
001,004
001,004
001,004
001,001
001,005
001,005
001,004
001,004
001,004
001,001
001,003
001,004
001,001
001,004
001,005
001,006
001, ,44
006,006
006,006
006,006
006,006
006,006
006,006
006,005
006,005
006,006
006,009
006,006
006,006
006,005
006,003
006,005
006,005
006,008
006,008
006,006
006,009
006,008
006,008
006,008
006,008
006,006
006, ,32
005,005
005,005
005,005
005,005
005,005
005,005
005,005
005,005
005,005
005,005
005,005
005,005
005,005
005,005
005,005
005,005
005,005
005,006
005,005
005,005
005,005
005,003
005,008
005,005
005,005
005,005
005,005
005,005
005,005
005,005
005,005
005,009
005,008
005,008
005,006
005,008
005,006
005,006
005,008
005,006
005,006
005,006
005,006
005,006
005,006
005,005
005,005
005,006
005,006
005, ,59
008,008
008,008
008,008
008,008
008,008
008,008
008,008
008,008
008,008
008,008
008,008
008,009
008,009
008,008
008,005
008,008
008,005
008,005
008,005
008,005
008,008
008,005
008,009
008,005
008,005
008,005
008,005
008,009
008,009
008,007
008,008
008,003
008,008
008,003
008,006
008,008
008,006
008,008
008,003
008,006
008,006
008,009
008,008
008,009
008,006
008,006
008,008
008,008
008,006
008,009
008,007
008,003
008,003
008,003
008,003
008,003
008,003
008,005
008,003
008,008
008,008
008,005
008,006
008,006
008,008
008,008
008,006
008,003
008,003
008,009
008,005
008,006
008,008
008,008
008,008
008,008
008,008
008,008
008,008
008, ,40
001,001
001,001
001,001
001,001
001,001
001,001
001,001
001,001
001,003
001,001
001,001
001,003
001,007
001,007
001,005
001,005
001,005
001,006
001,007
001,003
001,009
001,005
001,008
001,004
001,005
001,005
001,009
001, ,37
007,007
007,007
007,007
007,007
007,007
007,007
007,007
007,007
007,007
007,007
007,007
007,007
007,007
007,007
007,007
007,007
007,007
007,007
007,007
007,007
007,007
007,007
007,007
007,007
007,007
007,007
007,007
007,007
007,007
007,007
007,007
007,007
007,007
007,001
007,001
007,001
007,007
007, ,97
009,009
009,009
009,009
009,009
009,009
009,009
009,008
009,003
009,007
009,009
009,006
009,009
009,005
009,005
009,008
009,009
009,008
009, ,58
004,001
004,001
004,001
004,004
004,001
004,001
004,001
004,001
004,001
004,004
004,001
004, ,18
008,008
008,008
008,008
008,008
008,008
008,008
008,008
008,008
008,008
008,008
008,008
008,008
008,008
008,008
008,008
008,008
008,008
008,008
008,008
008,008
008,008
008,008
008,008
008,008
008,008
008,008
008,008
008,007
008,008
008,008
008,008
008,008
008,008
008,008
008,008
008,008
008,008
008,008
008,008
008,008
008,008
008,008
008,008
008,008
008,008
008,003
008,007
008,007
008,007
008,007
008,008
008,008
008,008
008,007
008,008
008,008
008,001
008,001
008,001
008,003
008,007
008,008
008,008
008,008
008,008
008,008
008,008
008,008
008,008
008,008
008,009
008,007
008,007
008,008
008,007
008,008
008,009
008,001
008,008
008, ,72
005,005
005,005
005,005
005,005
005,005
005,005
005,005
005,005
005,005
005,005
005,005
005,005
005,005
005,005
005,005
005,003
005,005
005,005
005,005
005,005
005,005
005,005
005,008
005,007
005,001
005,009
005,005
005,005
005,003
005,005
005,005
005,006
005,006
005,001
005,006
005,005
005,005
005,009
005,006
005,005
005,005
005,008
005,008
005,008
005,008
005,005
005,009
005,006
005,007
005, ,61
008,008
008,008
008,008
008,008
008,008
008,008
008,008
008,008
008,008
008,008
008,008
008,008
008,008
008,008
008,008
008,008
008,008
008,008
008,008
008,008
008,008
008,008
008,008
008,007
008,008
008,008
008,008
008,008
008,008
008,005
008,008
008,008
008,007
008,005
008,008
008,005
008,008
008,008
008,005
008,008
008,008
008,008
008,008
008,005
008,005
008,008
008,008
008,008
008,007
008,007
008,007
008,007
008,007
008,007
008,001
008,001
008,001
008,009
008,003
008, ,49
008,008
008,008
008,008
008,008
008,008
008,008
008,008
008,008
008,008
008,008
008,008
008,008
008,008
008,008
008,008
008,008
008,008
008,008
008,008
008,008
008,008
008,005
008,008
008,008
008,008
008,008
008,007
008,008
008,008
008,008
008,008
008,008
008,008
008,008
008,008
008,008
008,001
008,001
008,001
008,009
008,007
008,008
008,008
008,008
008,008
008,008
008,008
008,008
008,008
008,008
008,007
008,008
008,008
008,008
008,008
008,008
008,008
008,008
008,008
008,008
008,007
008,007
008,005
008,008
008,005
008,005
008,005
008,005
008,005
008,005
008,008
008,007
008,009
008,007
008,007
008,003
008,007
008,007
008,007
008, ,67
009,009
009,009
009,009
009,009
009,009
009,003
009,003
009,009
009,003
009,009
009,009
009,009
009,009
009,009
009,009
009,002
009,008
009, ,64
008,008
008,008
008,008
008,008
008,009
008,008
008,008
008,008
008,007
008,007
008,007
008,007
008,007
008,008
008,008
008,008
008,008
008,008
008,008
008,008
008,007
008,007
008,009
008,008
008,008
008,008
008,006
008,008
008,008
008,008
008,008
008,008
008,008
008,007
008,007
008,008
008,007
008,001
008,001
008,001
008,007
008,007
008,007
008,007
008,008
008,008
008,008
008,008
008,008
008,008
008,008
008,008
008,008
008,008
008,008
008,008
008,008
008,008
008,008
008,008
008,008
008,008
008,008
008,006
008,008
008,007
008,007
008,008
008,008
008,008
008,008
008,008
008,006
008,006
008,006
008,006
008,008
008,007
008,007
008, ,73
007,007
007,007
007,007
007,007
007,007
007,007
007,007
007,007
007,007
007,007
007,007
007,007
007,007
007,007
007,007
007,007
007,007
007,007
007,007
007,007
007,007
007,007
007,007
007,007
007,007
007,007
007,007
007,007
007,007
007,007
007,007
007,007
007,007
007,007
007,007
007,007
007,009
007, ,97
004,001
004,001
004,001
004,001
004,001
004,001
004,001
004,001
004,001
004,001
004,001
004, ,0
008,008
008,008
008,008
008,008
008,008
008,008
008,008
008,008
008,008
008,008
008,008
008,009
008,009
008,008
008,008
008,005
008,005
008,005
008,005
008,003
008,005
008,009
008,005
008,006
008,006
008,009
008,005
008,007
008,006
008,009
008,006
008,005
008,006
008,003
008,006
008,003
008,005
008,005
008,008
008,008
008,008
008,008
008,008
008,008
008,006
008,005
008,005
008,003
008,003
008,006
008,003
008,006
008,001
008,003
008,003
008,003
008,003
008,007
008,008
008,005
008,008
008,009
008,006
008,009
008,009
008,006
008,008
008,005
008,008
008,006
008,008
008,006
008,009
008,008
008,006
008,008
008,008
008,008
008,008
008, ,34
005,005
005,005
005,005
005,005
005,005
005,005
005,005
005,005
005,005
005,005
005,005
005,005
005,005
005,005
005,005
005,005
005,005
005,005
005,005
005,005
005,001
005,006
005,005
005,006
005,005
005,005
005,005
005,006
005,006
005,008
005,005
005,007
005,005
005,006
005,009
005,006
005,008
005,009
005,005
005,003
005,005
005,007
005,007
005,006
005,006
005,006
005,006
005,005
005,006
005, ,61
005,005
005,005
005,005
005,009
005,009
005,005
005,003
005,005
005,005
005,005
005,005
005,005
005,005
005,008
005,006
005,009
005,005
005,008
005,008
005,006
005,008
005,007
005,008
005,008
005,008
005,005
005,005
005,008
005,008
005,008
005,008
005,008
005,003
005,003
005,005
005,008
005,003
005,001
005,006
005,003
005,003
005,003
005,003
005,001
005,008
005,008
005,008
005,008
005,008
005, ,28
007,007
007,007
007,007
007,007
007,007
007,007
007,007
007,007
007,007
007,007
007,007
007,007
007,007
007,007
007,007
007,007
007,007
007,007
007,007
007,007
007,007
007,007
007,007
007,007
007,005
007,007
007,006
007,007
007,008
007,007
007,007
007,008
007,008
007,005
007,001
007,007
007,007
007, ,81
005,005
005,005
005,005
005,005
005,005
005,005
005,005
005,005
005,005
005,005
005,005
005,005
005,005
005,005
005,005
005,005
005,005
005,005
005,008
005,005
005,005
005,005
005,005
005,005
005,005
005,005
005,005
005,006
005,005
005,005
005,009
005,005
005,003
005,008
005,008
005,006
005,008
005,005
005,008
005,008
005,007
005,003
005,008
005,005
005,006
005,008
005,008
005,007
005,005
005, ,67
007,007
007,007
007,007
007,007
007,007
007,007
007,007
007,007
007,007
007,008
007,007
007,007
007,007
007,007
007,007
007,007
007,006
007,009
007,007
007,007
007,006
007,006
007,006
007,006
007,008
007,007
007,007
007,007
007,009
007,008
007,009
007,003
007,007
007,007
007,007
007,007
007,007
007, ,62
008,008
008,008
008,008
008,008
008,008
008,008
008,008
008,008
008,008
008,008
008,008
008,008
008,008
008,008
008,008
008,008
008,008
008,008
008,008
008,008
008,008
008,008
008,008
008,008
008,008
008,008
008,008
008,008
008,008
008,008
008,008
008,008
008,008
008,007
008,008
008,008
008,008
008,008
008,008
008,008
008,008
008,008
008,008
008,008
008,008
008,008
008,003
008,005
008,009
008,008
008,008
008,007
008,008
008,008
008,008
008,003
008,008
008,008
008,008
008,008
008,007
008,007
008,007
008,007
008,008
008,009
008,008
008,001
008,001
008,001
008,005
008,005
008,007
008,005
008,009
008,008
008,007
008,007
008,007
008, ,72
007,007
007,007
007,007
007,007
007,007
007,007
007,007
007,007
007,007
007,007
007,007
007,007
007,007
007,007
007,007
007,008
007,007
007,007
007,007
007,008
007,007
007,007
007,007
007,007
007,007
007,007
007,007
007,007
007,007
007,007
007,007
007,008
007,007
007,007
007,007
007,007
007,007
007, ,89
008,008
008,008
008,008
008,008
008,008
008,008
008,008
008,008
008,008
008,008
008,009
008,008
008,008
008,008
008,005
008,003
008,007
008,009
008,008
008,005
008,007
008,005
008,006
008,006
008,006
008,009
008,005
008,006
008,006
008,008
008,008
008,008
008,008
008,006
008,005
008,005
008,006
008,008
008,008
008,009
008,006
008,008
008,008
008,008
008,008
008,008
008,008
008,008
008,003
008,008
008,005
008,006
008,006
008,009
008,008
008,008
008,008
008,008
008,005
008,008
008,003
008,008
008,005
008,006
008,008
008,008
008,008
008,008
008,009
008,005
008,009
008,008
008,009
008,005
008,005
008,001
008,005
008,006
008,006
008, ,49
005,006
005,005
005,009
005,009
005,005
005,008
005,005
005,008
005,005
005,008
005,001
005,003
005,009
005,005
005,005
005,007
005,005
005,009
005,008
005,005
005,007
005,005
005,008
005,009
005,008
005,005
005,005
005,007
005,008
005,001
005,007
005,007
005,005
005,008
005,008
005,001
005,008
005,003
005,009
005,009
005,002
005,009
005,003
005,005
005,005
005,007
005,007
005,003
005,007
005, ,30
008,008
008,008
008,008
008,008
008,008
008,008
008,008
008,008
008,008
008,008
008,008
008,008
008,008
008,008
008,008
008,008
008,001
008,001
008,001
008,008
008,008
008,008
008,008
008,008
008,008
008,008
008,008
008,008
008,008
008,008
008,008
008,008
008,008
008,008
008,009
008,008
008,008
008,008
008,008
008,008
008,008
008,008
008,008
008,008
008,008
008,008
008,007
008,008
008,007
008,008
008,007
008,007
008,007
008,008
008,008
008,008
008,008
008,007
008,008
008,008
008,008
008,009
008,007
008,008
008,008
008,008
008,007
008,007
008,007
008,008
008,008
008,005
008,008
008,008
008,008
008,005
008,007
008,007
008,009
008, ,72
005,005
005,005
005,005
005,007
005,005
005,008
005,008
005,005
005,005
005,008
005,005
005,008
005,008
005,007
005,005
005,008
005,008
005,005
005,008
005,008
005,008
005,008
005,008
005,008
005,009
005,008
005,008
005,008
005,008
005,007
005,007
005,007
005,007
005,007
005,008
005,007
005,005
005,005
005,007
005,007
005,008
005,008
005,008
005,008
005,008
005,008
005,008
005,007
005,008
005, ,16
007,007
007,007
007,007
007,007
007,007
007,007
007,007
007,007
007,007
007,007
007,008
007,008
007,007
007,008
007,008
007,008
007,008
007,007
007,007
007,007
007,007
007,007
007,007
007,007
007,007
007,008
007,007
007,007
007,007
007,007
007,009
007,007
007,007
007,007
007,007
007,007
007,007
007, ,78
006,006
006,006
006,006
006,006
006,007
006,007
006,007
006,007
006,007
006,007
006,007
006,006
006,006
006,006
006,006
006,006
006,006
006,006
006,005
006,006
006,008
006,007
006,005
006,005
006,006
006, ,44
005,005
005,005
005,005
005,005
005,005
005,005
005,005
005,005
005,005
005,005
005,005
005,005
005,005
005,005
005,005
005,005
005,005
005,005
005,005
005,001
005,005
005,005
005,005
005,005
005,005
005,006
005,006
005,005
005,003
005,005
005,008
005,006
005,006
005,001
005,006
005,005
005,005
005,005
005,006
005,008
005,005
005,006
005,006
005,005
005,003
005,005
005,006
005,006
005,006
005, ,63
008,008
008,008
008,008
008,008
008,008
008,008
008,008
008,008
008,008
008,008
008,008
008,008
008,008
008,008
008,008
008,008
008,008
008,008
008,008
008,008
008,008
008,008
008,008
008,008
008,008
008,008
008,008
008,008
008,008
008,008
008,008
008,008
008,008
008,008
008,008
008,008
008,009
008,008
008,008
008,008
008,008
008,008
008,008
008,008
008,008
008,008
008,007
008,001
008,001
008,001
008,008
008,008
008,008
008,008
008,008
008,008
008,008
008,008
008,008
008,008
008,008
008,008
008,008
008,008
008,007
008,007
008,007
008,009
008,008
008,007
008,008
008,008
008,008
008,008
008,008
008,008
008,008
008,008
008,008
008, ,84
002,002
002,006
002,009
002, ,33
008,008
008,008
008,008
008,008
008,008
008,008
008,008
008,008
008,008
008,008
008,008
008,008
008,008
008,008
008,008
008,008
008,008
008,008
008,007
008,008
008,008
008,008
008,008
008,007
008,008
008,008
008,008
008,008
008,008
008,008
008,008
008,008
008,008
008,008
008,008
008,008
008,008
008,008
008,008
008,008
008,008
008,008
008,008
008,008
008,008
008,008
008,008
008,008
008,008
008,008
008,008
008,008
008,008
008,008
008,008
008,007
008,007
008,007
008,007
008,007
008,008
008,008
008,001
008,001
008,001
008,003
008,007
008,003
008,003
008,003
008,003
008,009
008,007
008,007
008,007
008,007
008,008
008,008
008,008
008, ,73
008,008
008,008
008,008
008,008
008,008
008,008
008,008
008,008
008,008
008,008
008,008
008,008
008,008
008,008
008,008
008,008
008,008
008,008
008,008
008,008
008,008
008,008
008,008
008,008
008,008
008,008
008,008
008,008
008,008
008,008
008,008
008,008
008,008
008,008
008,008
008,008
008,008
008,008
008,008
008,008
008,007
008,008
008,008
008,009
008,008
008,008
008,007
008,008
008,008
008,005
008,005
008,008
008,008
008,001
008,001
008,001
008,008
008,008
008,008
008,007
008,005
008,008
008,008
008,003
008,008
008,007
008,007
008,007
008,007
008,009
008,008
008,008
008,007
008,008
008,008
008,007
008,008
008,007
008,005
008, ,79
003,003
003,003
003,009
003,009
003,006
003,003
003,009
003,009
003,005
003,009
003,005
003,008
003,006
003,003
003,009
003,003
003,003
003,003
003,003
003, ,15
003,003
003,003
003,003
003,003
003,003
003,003
003,003
003,003
003,001
003,005
003,006
003,003
003,009
003,001
003,006
003,005
003,005
003,009
003,007
003, ,42
008,008
008,008
008,008
008,008
008,008
008,008
008,008
008,008
008,008
008,008
008,008
008,008
008,008
008,008
008,008
008,008
008,008
008,008
008,008
008,008
008,008
008,008
008,008
008,008
008,008
008,008
008,008
008,008
008,008
008,008
008,008
008,009
008,008
008,008
008,008
008,003
008,008
008,008
008,009
008,009
008,009
008,008
008,009
008,008
008,005
008,005
008,008
008,008
008,008
008,008
008,008
008,008
008,008
008,008
008,008
008,008
008,008
008,001
008,001
008,001
008,008
008,005
008,008
008,008
008,008
008,007
008,008
008,005
008,007
008,008
008,007
008,009
008,007
008,008
008,007
008,007
008,007
008,007
008,006
008, ,70
007,007
007,007
007,007
007,007
007,007
007,007
007,007
007,007
007,007
007,008
007,007
007,008
007,007
007,007
007,007
007,007
007,008
007,007
007,008
007,007
007,007
007,007
007,007
007,007
007,007
007,007
007,007
007,007
007,008
007,007
007,007
007,008
007,007
007,007
007,008
007,008
007,008
007, ,75
005,005
005,005
005,005
005,005
005,006
005,006
005,006
005,006
005,005
005,005
005,005
005,001
005,006
005,006
005,005
005,005
005,003
005,006
005,004
005,006
005,005
005,005
005,005
005,004
005,003
005,001
005,008
005,006
005,008
005,008
005,005
005,005
005,005
005,005
005,005
005,008
005,008
005,005
005,005
005,005
005,005
005,005
005,005
005,008
005,005
005,008
005,009
005,006
005,009
005, ,10
006,006
006,006
006,006
006,006
006,007
006,007
006,007
006,007
006,007
006,007
006,007
006,006
006,006
006,006
006,006
006,006
006,006
006,006
006,005
006,006
006,008
006,007
006,005
006,005
006,006
006, ,44
003,003
003,003
003,003
003,001
003,003
003,003
003,003
003,003
003,003
003,003
003,003
003,003
003,003
003,002
003,004
003,003
003,009
003,004
003,009
003, ,57
009,009
009,009
009,005
009,009
009,009
009,005
009,009
009,008
009,005
009,003
009,003
009,005
009,003
009,003
009,003
009,009
009,003
009, ,41
001,001
001,001
001,001
001,001
001,001
001,001
001,001
001,001
001,001
001,005
001,006
001,005
001,005
001,006
001,006
001,005
001,005
001,001
001,007
001,007
001,002
001,007
001,004
001,004
001,006
001,003
001,008
001, ,40
001,001
001,001
001,001
001,001
001,001
001,001
001,004
001,001
001,001
001,001
001,001
001,004
001,001
001,001
001,004
001,004
001,009
001,006
001,004
001,003
001,007
001,007
001,007
001,007
001,007
001,004
001,007
001, ,51
009,003
009,003
009,005
009,005
009,008
009,008
009,007
009,007
009,003
009,001
009,005
009,003
009,008
009,008
009,008
009,007
009,008
009, ,0
007,007
007,007
007,007
007,007
007,007
007,007
007,007
007,007
007,007
007,007
007,008
007,008
007,007
007,008
007,008
007,008
007,008
007,007
007,007
007,007
007,007
007,007
007,007
007,007
007,007
007,008
007,007
007,007
007,007
007,007
007,009
007,007
007,007
007,007
007,007
007,007
007,007
007, ,78
001,001
001,001
001,001
001,001
001,001
001,001
001,001
001,001
001,002
001,006
001,006
001,006
001,006
001,001
001,006
001,004
001,001
001,004
001,006
001,004
001,001
001,005
001,004
001,006
001,001
001,006
001,004
001, ,59
005,005
005,005
005,005
005,005
005,005
005,005
005,005
005,005
005,005
005,005
005,005
005,005
005,005
005,005
005,005
005,005
005,005
005,005
005,005
005,005
005,005
005,005
005,005
005,005
005,005
005,005
005,005
005,006
005,006
005,006
005,006
005,006
005,006
005,005
005,008
005,008
005,006
005,005
005,008
005,005
005,005
005,008
005,003
005,008
005,008
005,008
005,008
005,006
005,007
005, ,65
008,008
008,008
008,008
008,008
008,008
008,008
008,008
008,008
008,008
008,008
008,008
008,008
008,008
008,008
008,008
008,008
008,008
008,008
008,008
008,008
008,008
008,008
008,008
008,008
008,008
008,008
008,008
008,008
008,008
008,008
008,008
008,008
008,008
008,008
008,008
008,008
008,008
008,008
008,008
008,001
008,001
008,001
008,008
008,008
008,008
008,008
008,008
008,008
008,008
008,008
008,008
008,008
008,008
008,008
008,008
008,008
008,003
008,008
008,006
008,006
008,007
008,006
008,005
008,008
008,007
008,007
008,007
008,005
008,008
008,007
008,005
008,008
008,005
008,005
008,008
008,005
008,007
008,005
008,008
008, ,74
005,003
005,005
005,002
005,009
005,009
005,003
005,007
005,004
005,009
005,009
005,008
005,009
005,008
005,004
005,004
005,005
005,005
005,004
005,004
005,001
005,004
005,001
005,001
005,001
005,001
005,003
005,003
005,003
005,003
005,005
005,001
005,001
005,001
005,003
005,001
005,001
005,001
005,008
005,003
005,003
005,006
005,003
005,003
005,003
005,004
005,003
005,009
005,009
005,008
005, ,2
005,005
005,005
005,005
005,005
005,005
005,005
005,001
005,005
005,005
005,008
005,005
005,005
005,005
005,005
005,005
005,003
005,005
005,005
005,005
005,005
005,006
005,005
005,005
005,005
005,005
005,005
005,005
005,006
005,005
005,003
005,003
005,003
005,009
005,009
005,008
005,008
005,006
005,008
005,008
005,008
005,008
005,008
005,008
005,008
005,008
005,008
005,008
005,008
005,008
005, ,44
002,006
002,009
002,005
002, ,0
001,001
001,001
001,001
001,001
001,001
001,001
001,004
001,001
001,001
001,001
001,001
001,004
001,001
001,001
001,004
001,008
001,008
001,008
001,008
001,008
001,008
001,004
001,008
001,008
001,008
001,008
001,008
001, ,44
006,006
006,008
006,006
006,006
006,006
006,006
006,006
006,006
006,006
006,006
006,008
006,005
006,009
006,006
006,007
006,001
006,007
006,007
006,005
006,007
006,007
006,005
006,008
006,008
006,008
006, ,44
001,001
001,001
001,001
001,001
001,001
001,001
001,001
001,001
001,001
001,002
001,001
001,004
001,003
001,004
001,004
001,006
001,004
001,007
001,007
001,004
001,006
001,004
001,006
001,005
001,005
001,005
001,005
001, ,37
005,005
005,005
005,005
005,005
005,005
005,005
005,005
005,005
005,005
005,005
005,005
005,005
005,005
005,005
005,005
005,005
005,005
005,005
005,005
005,005
005,005
005,005
005,005
005,005
005,006
005,005
005,005
005,005
005,005
005,005
005,006
005,006
005,006
005,005
005,006
005,006
005,006
005,006
005,006
005,006
005,006
005,006
005,006
005,006
005,006
005,005
005,005
005,008
005,006
005, ,65
007,007
007,007
007,007
007,007
007,007
007,007
007,007
007,007
007,007
007,007
007,007
007,007
007,001
007,007
007,007
007,007
007,007
007,007
007,007
007,007
007,007
007,008
007,007
007,007
007,006
007,007
007,007
007,009
007,008
007,006
007,006
007,006
007,006
007,007
007,005
007,007
007,006
007, ,70
008,008
008,001
008,001
008,001
008,008
008,008
008,008
008,008
008,008
008,008
008,008
008,008
008,008
008,008
008,008
008,008
008,008
008,008
008,008
008,008
008,008
008,008
008,008
008,008
008,008
008,008
008,008
008,008
008,008
008,008
008,008
008,008
008,008
008,008
008,008
008,008
008,008
008,008
008,008
008,008
008,008
008,007
008,008
008,008
008,008
008,008
008,008
008,008
008,008
008,008
008,008
008,008
008,008
008,008
008,008
008,008
008,007
008,007
008,009
008,008
008,008
008,008
008,008
008,008
008,008
008,007
008,007
008,006
008,007
008,007
008,007
008,007
008,007
008,005
008,007
008,007
008,007
008,003
008,003
008, ,74
004,004
004,004
004,004
004,004
004,004
004,004
004,004
004,001
004,001
004,001
004,001
004, ,63
008,008
008,008
008,008
008,008
008,008
008,008
008,008
008,008
008,008
008,008
008,008
008,008
008,008
008,008
008,008
008,008
008,008
008,008
008,008
008,008
008,008
008,008
008,008
008,008
008,008
008,008
008,008
008,008
008,008
008,008
008,008
008,008
008,007
008,005
008,008
008,008
008,008
008,008
008,008
008,008
008,003
008,009
008,008
008,007
008,007
008,007
008,007
008,008
008,008
008,008
008,008
008,008
008,008
008,008
008,008
008,008
008,008
008,008
008,007
008,008
008,008
008,001
008,001
008,001
008,008
008,007
008,008
008,008
008,008
008,008
008,008
008,008
008,008
008,008
008,008
008,007
008,007
008,008
008,008
008, ,81
008,008
008,008
008,008
008,008
008,008
008,008
008,008
008,008
008,008
008,008
008,008
008,008
008,008
008,008
008,008
008,008
008,001
008,001
008,001
008,008
008,008
008,008
008,008
008,008
008,008
008,008
008,008
008,008
008,008
008,008
008,008
008,008
008,008
008,009
008,008
008,008
008,008
008,008
008,008
008,008
008,008
008,008
008,008
008,008
008,008
008,008
008,007
008,008
008,008
008,007
008,007
008,007
008,007
008,007
008,008
008,008
008,008
008,008
008,008
008,008
008,008
008,009
008,008
008,008
008,007
008,008
008,007
008,007
008,008
008,007
008,008
008,007
008,005
008,008
008,005
008,008
008,009
008,007
008,008
008, ,72
009,009
009,009
009,009
009,009
009,009
009,003
009,009
009,008
009,008
009,008
009,009
009,008
009,005
009,005
009,008
009,008
009,008
009, ,47
001,001
001,001
001,001
001,001
001,001
001,001
001,001
001,001
001,001
001,001
001,006
001,004
001,004
001,004
001,001
001,005
001,005
001,004
001,004
001,004
001,001
001,003
001,004
001,001
001,004
001,005
001,006
001, ,44
008,008
008,008
008,008
008,008
008,008
008,008
008,008
008,008
008,008
008,008
008,008
008,008
008,008
008,008
008,008
008,008
008,009
008,008
008,008
008,008
008,007
008,008
008,008
008,008
008,008
008,008
008,008
008,008
008,008
008,008
008,008
008,008
008,008
008,008
008,008
008,007
008,007
008,008
008,008
008,008
008,008
008,008
008,008
008,008
008,008
008,008
008,008
008,008
008,008
008,008
008,008
008,007
008,007
008,008
008,008
008,007
008,009
008,008
008,008
008,008
008,008
008,001
008,001
008,001
008,008
008,008
008,008
008,008
008,008
008,005
008,007
008,007
008,007
008,007
008,007
008,009
008,008
008,008
008,008
008, ,77
008,008
008,008
008,008
008,008
008,008
008,008
008,008
008,008
008,008
008,008
008,008
008,008
008,008
008,008
008,008
008,008
008,008
008,008
008,008
008,008
008,008
008,008
008,008
008,008
008,008
008,008
008,008
008,008
008,008
008,008
008,007
008,008
008,008
008,008
008,008
008,008
008,008
008,008
008,008
008,008
008,008
008,008
008,008
008,008
008,008
008,008
008,008
008,008
008,008
008,008
008,008
008,008
008,008
008,008
008,008
008,008
008,008
008,008
008,008
008,008
008,001
008,001
008,001
008,008
008,008
008,008
008,008
008,008
008,009
008,007
008,006
008,003
008,003
008,009
008,007
008,008
008,009
008,007
008,007
008, ,82
008,008
008,008
008,007
008,008
008,007
008,008
008,008
008,008
008,008
008,005
008,008
008,008
008,005
008,005
008,008
008,007
008,008
008,008
008,008
008,008
008,005
008,009
008,008
008,008
008,008
008,006
008,008
008,008
008,008
008,008
008,008
008,008
008,008
008,008
008,007
008,005
008,008
008,008
008,009
008,009
008,009
008,008
008,008
008,008
008,008
008,008
008,008
008,007
008,007
008,008
008,008
008,007
008,005
008,008
008,008
008,008
008,008
008,008
008,005
008,008
008,005
008,008
008,008
008,008
008,008
008,008
008,001
008,001
008,001
008,007
008,008
008,008
008,009
008,002
008,008
008,005
008,008
008,008
008,008
008, ,64
007,007
007,007
007,007
007,007
007,007
007,007
007,007
007,007
007,008
007,008
007,007
007,007
007,007
007,008
007,007
007,007
007,008
007,008
007,007
007,007
007,007
007,007
007,007
007,007
007,007
007,007
007,007
007,007
007,007
007,007
007,008
007,008
007,008
007,008
007,007
007,007
007,007
007, ,72
008,008
008,008
008,008
008,008
008,008
008,008
008,008
008,008
008,008
008,008
008,009
008,008
008,005
008,008
008,005
008,005
008,005
008,008
008,008
008,009
008,005
008,009
008,009
008,005
008,005
008,003
008,008
008,008
008,008
008,008
008,008
008,008
008,008
008,008
008,008
008,008
008,008
008,008
008,008
008,008
008,007
008,005
008,005
008,008
008,008
008,008
008,005
008,009
008,008
008,008
008,005
008,009
008,005
008,009
008,008
008,008
008,009
008,005
008,008
008,007
008,008
008,008
008,008
008,008
008,008
008,008
008,006
008,006
008,006
008,008
008,009
008,005
008,008
008,006
008,008
008,005
008,008
008,008
008,006
008, ,63
008,005
008,008
008,005
008,005
008,003
008,005
008,009
008,001
008,001
008,001
008,001
008,008
008,003
008,005
008,008
008,008
008,008
008,008
008,008
008,008
008,008
008,008
008,009
008,007
008,007
008,007
008,006
008,005
008,006
008,001
008,005
008,006
008,006
008,006
008,006
008,005
008,007
008,008
008,008
008,008
008,005
008,008
008,008
008,006
008,008
008,009
008,007
008,007
008,006
008,003
008,008
008,008
008,005
008,001
008,006
008,006
008,009
008,009
008,008
008,005
008,008
008,008
008,006
008,008
008,009
008,008
008,008
008,008
008,009
008,003
008,008
008,008
008,008
008,006
008,009
008,009
008,009
008,008
008,008
008, ,40
001,001
001,001
001,001
001,001
001,001
001,001
001,001
001,001
001,004
001,004
001,004
001,001
001,001
001,001
001,001
001,004
001,004
001,006
001,004
001,003
001,007
001,009
001,007
001,007
001,004
001,007
001,007
001, ,51
003,009
003,007
003,005
003,005
003,005
003,009
003,008
003,008
003,005
003,008
003,008
003,008
003,009
003,006
003,006
003,005
003,008
003,008
003,008
003, ,0
005,001
005,005
005,007
005,006
005,006
005,002
005,008
005,009
005,003
005,008
005,005
005,009
005,008
005,008
005,008
005,009
005,005
005,008
005,009
005,005
005,008
005,008
005,008
005,005
005,008
005,008
005,005
005,008
005,004
005,008
005,006
005,004
005,009
005,007
005,005
005,008
005,008
005,007
005,007
005,007
005,007
005,008
005,007
005,007
005,008
005,007
005,007
005,007
005,005
005, ,2
008,008
008,008
008,008
008,007
008,008
008,008
008,007
008,007
008,007
008,007
008,007
008,007
008,008
008,008
008,008
008,008
008,008
008,008
008,007
008,008
008,008
008,008
008,008
008,008
008,008
008,007
008,008
008,008
008,008
008,008
008,003
008,008
008,008
008,008
008,008
008,008
008,008
008,005
008,008
008,008
008,007
008,009
008,008
008,008
008,001
008,001
008,001
008,007
008,007
008,007
008,008
008,007
008,007
008,005
008,008
008,007
008,007
008,007
008,008
008,005
008,008
008,009
008,009
008,008
008,005
008,007
008,008
008,006
008,006
008,006
008,006
008,008
008,008
008,008
008,008
008,008
008,007
008,005
008,007
008, ,59
009,005
009,005
009,008
009,005
009,008
009,003
009,008
009,007
009,008
009,008
009,005
009,005
009,008
009,008
009,008
009,005
009,005
009, ,0
004,004
004,004
004,004
004,004
004,004
004,004
004,001
004,001
004,004
004,001
004,001
004, ,63
003,003
003,003
003,003
003,003
003,003
003,003
003,003
003,003
003,001
003,005
003,006
003,003
003,009
003,001
003,006
003,005
003,005
003,009
003,007
003, ,42
007,007
007,007
007,007
007,007
007,007
007,007
007,007
007,007
007,007
007,007
007,007
007,007
007,007
007,007
007,007
007,008
007,007
007,007
007,007
007,007
007,007
007,005
007,005
007,007
007,008
007,007
007,007
007,007
007,007
007,007
007,007
007,007
007,006
007,008
007,007
007,007
007,007
007, ,78
008,008
008,008
008,008
008,008
008,008
008,008
008,008
008,008
008,008
008,008
008,008
008,008
008,008
008,008
008,008
008,008
008,009
008,008
008,008
008,008
008,007
008,008
008,008
008,008
008,008
008,008
008,008
008,008
008,008
008,008
008,008
008,008
008,008
008,008
008,008
008,007
008,007
008,008
008,008
008,008
008,008
008,008
008,008
008,008
008,008
008,008
008,008
008,008
008,008
008,008
008,008
008,007
008,007
008,008
008,008
008,007
008,009
008,008
008,008
008,008
008,008
008,001
008,001
008,001
008,008
008,008
008,008
008,008
008,008
008,005
008,007
008,007
008,007
008,007
008,007
008,009
008,008
008,008
008,008
008, ,77
003,003
003,003
003,003
003,003
003,003
003,003
003,003
003,005
003,001
003,009
003,005
003,006
003,005
003,003
003,005
003,009
003,007
003,006
003,003
003, ,42
003,003
003,003
003,003
003,003
003,003
003,003
003,003
003,005
003,001
003,003
003,003
003,003
003,006
003,006
003,001
003,003
003,009
003,006
003,001
003, ,42
007,007
007,007
007,007
007,007
007,007
007,007
007,007
007,007
007,007
007,007
007,008
007,008
007,007
007,008
007,008
007,008
007,008
007,007
007,007
007,007
007,007
007,007
007,007
007,007
007,007
007,008
007,007
007,007
007,007
007,007
007,009
007,007
007,007
007,007
007,007
007,007
007,007
007, ,78
008,008
008,008
008,008
008,008
008,008
008,008
008,008
008,008
008,008
008,008
008,008
008,001
008,001
008,001
008,008
008,009
008,008
008,008
008,008
008,008
008,008
008,008
008,008
008,008
008,008
008,008
008,008
008,008
008,007
008,008
008,008
008,008
008,008
008,008
008,008
008,008
008,008
008,007
008,008
008,008
008,008
008,008
008,008
008,008
008,008
008,008
008,008
008,008
008,008
008,008
008,008
008,008
008,008
008,007
008,008
008,008
008,007
008,007
008,007
008,007
008,007
008,008
008,008
008,008
008,008
008,008
008,008
008,007
008,007
008,007
008,008
008,008
008,007
008,007
008,007
008,007
008,007
008,008
008,007
008, ,74
001,001
001,001
001,001
001,004
001,001
001,001
001,001
001,001
001,001
001,001
001,001
001,001
001,001
001,004
001,004
001,004
001,007
001,007
001,007
001,008
001,005
001,006
001,005
001,004
001,006
001,008
001,007
001, ,51
007,007
007,007
007,007
007,007
007,008
007,007
007,007
007,007
007,007
007,007
007,007
007,007
007,007
007,007
007,007
007,007
007,007
007,007
007,007
007,007
007,007
007,007
007,008
007,007
007,007
007,007
007,008
007,007
007,007
007,007
007,007
007,007
007,008
007,008
007,007
007,008
007,008
007, ,72
003,003
003,003
003,003
003,003
003,003
003,003
003,003
003,005
003,001
003,003
003,003
003,003
003,006
003,006
003,001
003,003
003,009
003,006
003,001
003, ,42
008,005
008,009
008,008
008,005
008,008
008,008
008,008
008,005
008,008
008,008
008,005
008,007
008,008
008,008
008,005
008,008
008,008
008,008
008,008
008,005
008,007
008,007
008,006
008,009
008,008
008,008
008,008
008,005
008,008
008,009
008,005
008,005
008,007
008,008
008,005
008,007
008,007
008,005
008,008
008,007
008,007
008,005
008,005
008,005
008,002
008,006
008,008
008,005
008,009
008,003
008,005
008,005
008,008
008,008
008,004
008,007
008,008
008,008
008,008
008,008
008,008
008,008
008,008
008,008
008,008
008,008
008,007
008,008
008,001
008,009
008,009
008,005
008,008
008,003
008,007
008,005
008,005
008,001
008,008
008, ,48
005,005
005,005
005,005
005,005
005,005
005,005
005,005
005,005
005,005
005,005
005,005
005,005
005,005
005,005
005,005
005,005
005,005
005,005
005,005
005,009
005,005
005,005
005,005
005,005
005,005
005,008
005,008
005,005
005,006
005,008
005,008
005,005
005,005
005,005
005,008
005,008
005,007
005,008
005,006
005,006
005,008
005,008
005,008
005,008
005,005
005,005
005,008
005,006
005,005
005, ,63
005,005
005,005
005,005
005,005
005,005
005,005
005,005
005,003
005,008
005,005
005,006
005,003
005,003
005,005
005,006
005,007
005,007
005,003
005,005
005,009
005,007
005,002
005,007
005,001
005,002
005,007
005,005
005,007
005,007
005,001
005,007
005,007
005,001
005,009
005,002
005,003
005,003
005,003
005,003
005,003
005,003
005,003
005,006
005,008
005,009
005,003
005,008
005,005
005,009
005, ,4
006,006
006,006
006,002
006,002
006,006
006,006
006,006
006,007
006,006
006,007
006,007
006,007
006,007
006,007
006,001
006,005
006,007
006,007
006,007
006,005
006,006
006,006
006,008
006,008
006,008
006, ,24
009,009
009,009
009,009
009,009
009,009
009,001
009,001
009,001
009,009
009,009
009,009
009,009
009,009
009,003
009,003
009,007
009,004
009, ,52
001,001
001,001
001,001
001,001
001,001
001,001
001,004
001,001
001,001
001,001
001,001
001,004
001,001
001,001
001,004
001,008
001,008
001,008
001,008
001,008
001,008
001,004
001,008
001,008
001,008
001,008
001,008
001, ,44
008,008
008,008
008,008
008,008
008,008
008,008
008,008
008,008
008,008
008,008
008,008
008,009
008,009
008,008
008,008
008,005
008,005
008,005
008,005
008,005
008,003
008,009
008,009
008,005
008,005
008,005
008,006
008,006
008,009
008,006
008,007
008,006
008,005
008,005
008,006
008,008
008,008
008,006
008,005
008,003
008,008
008,003
008,006
008,006
008,008
008,006
008,008
008,001
008,003
008,003
008,003
008,005
008,008
008,008
008,003
008,003
008,003
008,003
008,007
008,008
008,009
008,008
008,005
008,008
008,006
008,005
008,006
008,006
008,009
008,008
008,006
008,006
008,008
008,008
008,008
008,008
008,008
008,006
008,005
008, ,35
005,005
005,005
005,006
005,005
005,005
005,005
005,005
005,005
005,006
005,005
005,005
005,005
005,005
005,005
005,005
005,005
005,005
005,005
005,005
005,005
005,005
005,006
005,005
005,005
005,006
005,006
005,006
005,006
005,006
005,005
005,005
005,005
005,005
005,006
005,006
005,006
005,006
005,005
005,001
005,006
005,004
005,007
005,003
005,001
005,005
005,001
005,001
005,001
005,006
005, ,57
001,001
001,001
001,001
001,001
001,001
001,001
001,001
001,001
001,001
001,001
001,006
001,004
001,004
001,004
001,001
001,005
001,005
001,004
001,004
001,004
001,001
001,003
001,004
001,001
001,004
001,005
001,006
001, ,44
004,004
004,004
004,004
004,004
004,004
004,004
004,001
004,001
004,001
004,001
004,001
004, ,63
003,003
003,003
003,003
003,002
003,005
003,009
003,003
003,001
003,001
003,001
003,003
003,003
003,003
003,003
003,005
003,003
003,001
003,001
003,003
003, ,21
005,005
005,005
005,005
005,005
005,005
005,009
005,005
005,005
005,005
005,005
005,005
005,005
005,003
005,005
005,005
005,005
005,005
005,005
005,005
005,005
005,005
005,005
005,005
005,005
005,005
005,005
005,005
005,005
005,005
005,005
005,005
005,006
005,005
005,005
005,008
005,008
005,008
005,001
005,001
005,003
005,003
005,001
005,006
005,005
005,005
005,003
005,003
005,003
005,003
005, ,73
001,001
001,001
001,001
001,001
001,001
001,001
001,001
001,001
001,004
001,004
001,004
001,001
001,001
001,001
001,001
001,004
001,004
001,006
001,003
001,007
001,007
001,007
001,007
001,004
001,007
001,007
001,009
001, ,51
002,002
002,001
002,001
002, ,33
008,008
008,008
008,008
008,008
008,008
008,008
008,008
008,008
008,008
008,008
008,008
008,008
008,008
008,008
008,008
008,008
008,008
008,008
008,008
008,008
008,008
008,008
008,008
008,008
008,008
008,008
008,008
008,008
008,008
008,008
008,008
008,008
008,008
008,008
008,008
008,008
008,008
008,008
008,008
008,008
008,008
008,008
008,008
008,001
008,001
008,001
008,008
008,008
008,008
008,009
008,008
008,008
008,008
008,008
008,008
008,008
008,008
008,008
008,008
008,008
008,009
008,008
008,008
008,008
008,007
008,008
008,008
008,007
008,007
008,008
008,005
008,008
008,007
008,008
008,008
008,008
008,008
008,008
008,008
008, ,87
008,008
008,008
008,008
008,008
008,008
008,008
008,008
008,008
008,008
008,008
008,008
008,007
008,008
008,008
008,008
008,008
008,008
008,008
008,008
008,008
008,008
008,008
008,008
008,008
008,008
008,008
008,008
008,008
008,008
008,008
008,008
008,008
008,008
008,008
008,008
008,006
008,008
008,008
008,001
008,001
008,001
008,008
008,008
008,009
008,008
008,008
008,008
008,008
008,008
008,008
008,008
008,008
008,008
008,007
008,003
008,003
008,003
008,003
008,008
008,008
008,008
008,008
008,008
008,008
008,008
008,008
008,008
008,008
008,003
008,003
008,003
008,008
008,008
008,008
008,009
008,006
008,009
008,007
008,007
008, ,75
005,005
005,005
005,005
005,009
005,009
005,003
005,005
005,005
005,005
005,005
005,005
005,005
005,008
005,008
005,005
005,007
005,006
005,005
005,006
005,009
005,008
005,008
005,008
005,005
005,008
005,005
005,008
005,008
005,008
005,008
005,005
005,006
005,001
005,003
005,003
005,003
005,003
005,003
005,003
005,003
005,008
005,008
005,001
005,008
005,005
005,005
005,009
005,008
005,005
005, ,28
003,003
003,005
003,003
003,007
003,003
003,003
003,003
003,005
003,003
003,001
003,005
003,006
003,003
003,006
003,008
003,007
003,006
003,003
003,003
003, ,36
006,001
006,001
006,001
006,008
006,008
006,008
006,008
006,008
006,003
006,003
006,008
006,008
006,009
006,006
006,007
006,008
006,008
006,008
006,005
006,008
006,006
006,001
006,001
006,003
006,001
006, ,8
009,009
009,009
009,005
009,005
009,005
009,003
009,004
009,003
009,003
009,009
009,008
009,009
009,009
009,009
009,006
009,007
009,003
009, ,35
006,006
006,006
006,009
006,006
006,005
006,006
006,003
006,005
006,005
006,001
006,001
006,001
006,001
006,005
006,005
006,006
006,001
006,001
006,001
006,001
006,001
006,006
006,005
006,005
006,001
006, ,24
008,008
008,008
008,008
008,008
008,008
008,008
008,008
008,008
008,008
008,008
008,008
008,008
008,008
008,008
008,008
008,008
008,008
008,008
008,008
008,008
008,008
008,008
008,008
008,008
008,008
008,008
008,008
008,008
008,008
008,008
008,008
008,008
008,008
008,008
008,007
008,008
008,008
008,008
008,008
008,008
008,008
008,008
008,008
008,008
008,008
008,005
008,008
008,008
008,007
008,008
008,009
008,009
008,007
008,001
008,001
008,001
008,008
008,007
008,007
008,007
008,007
008,008
008,007
008,008
008,008
008,007
008,007
008,005
008,008
008,008
008,008
008,005
008,007
008,007
008,008
008,007
008,005
008,005
008,008
008, ,70
009,009
009,009
009,009
009,009
009,008
009,007
009,008
009,005
009,008
009,008
009,008
009,008
009,003
009,008
009,008
009,008
009,009
009, ,35
003,003
003,003
003,001
003,006
003,005
003,003
003,003
003,003
003,003
003,005
003,006
003,003
003,009
003,003
003,009
003,007
003,008
003,007
003,003
003, ,15
001,001
001,001
001,001
001,001
001,004
001,001
001,001
001,001
001,001
001,002
001,004
001,001
001,001
001,003
001,004
001,004
001,005
001,004
001,005
001,003
001,001
001,005
001,008
001,008
001,008
001,008
001,003
001, ,37
005,005
005,005
005,009
005,005
005,005
005,005
005,008
005,008
005,008
005,008
005,008
005,008
005,008
005,008
005,001
005,009
005,008
005,008
005,001
005,008
005,009
005,008
005,005
005,005
005,005
005,003
005,009
005,008
005,005
005,005
005,003
005,001
005,005
005,001
005,001
005,001
005,009
005,001
005,001
005,003
005,006
005,001
005,001
005,005
005,006
005,008
005,008
005,008
005,009
005, ,38
005,005
005,005
005,005
005,005
005,005
005,005
005,005
005,005
005,005
005,005
005,005
005,005
005,005
005,005
005,005
005,005
005,005
005,005
005,005
005,003
005,005
005,005
005,006
005,006
005,006
005,005
005,005
005,006
005,006
005,005
005,006
005,005
005,007
005,005
005,006
005,006
005,007
005,006
005,006
005,006
005,005
005,005
005,006
005,006
005,006
005,006
005,008
005,006
005,008
005, ,57
007,007
007,007
007,007
007,007
007,007
007,007
007,007
007,007
007,007
007,007
007,007
007,006
007,007
007,007
007,007
007,007
007,007
007,009
007,007
007,009
007,009
007,007
007,007
007,007
007,008
007,007
007,007
007,007
007,008
007,007
007,006
007,008
007,009
007,007
007,008
007,007
007,005
007, ,70
008,008
008,008
008,008
008,008
008,008
008,008
008,008
008,008
008,008
008,008
008,009
008,008
008,008
008,008
008,005
008,003
008,007
008,009
008,008
008,005
008,007
008,005
008,006
008,006
008,006
008,009
008,005
008,006
008,006
008,008
008,008
008,008
008,008
008,006
008,005
008,005
008,006
008,008
008,008
008,009
008,006
008,008
008,008
008,006
008,008
008,008
008,008
008,008
008,008
008,003
008,008
008,005
008,006
008,009
008,008
008,008
008,008
008,008
008,009
008,005
008,008
008,003
008,008
008,005
008,006
008,008
008,008
008,008
008,008
008,005
008,009
008,008
008,008
008,007
008,007
008,009
008,005
008,005
008,005
008, ,49
009,009
009,009
009,009
009,009
009,009
009,009
009,009
009,009
009,009
009,009
009,003
009,003
009,008
009,009
009,009
009,008
009,008
009, ,64
005,005
005,005
005,005
005,005
005,005
005,005
005,005
005,005
005,005
005,005
005,005
005,005
005,005
005,006
005,005
005,005
005,005
005,005
005,005
005,005
005,005
005,008
005,005
005,005
005,005
005,005
005,005
005,005
005,003
005,001
005,005
005,008
005,005
005,008
005,008
005,008
005,008
005,009
005,006
005,006
005,005
005,006
005,006
005,006
005,005
005,008
005,006
005,006
005,006
005, ,61
008,008
008,008
008,008
008,008
008,008
008,008
008,008
008,008
008,008
008,008
008,008
008,008
008,008
008,008
008,008
008,008
008,008
008,008
008,008
008,008
008,008
008,008
008,008
008,008
008,008
008,008
008,008
008,008
008,008
008,008
008,008
008,008
008,008
008,008
008,008
008,008
008,008
008,008
008,008
008,008
008,008
008,008
008,008
008,008
008,008
008,008
008,008
008,008
008,008
008,008
008,007
008,007
008,007
008,007
008,008
008,008
008,008
008,008
008,008
008,001
008,001
008,001
008,003
008,007
008,008
008,008
008,007
008,007
008,007
008,008
008,007
008,008
008,009
008,007
008,007
008,007
008,005
008,006
008,007
008, ,73
001,001
001,001
001,001
001,001
001,001
001,001
001,004
001,001
001,001
001,001
001,001
001,004
001,001
001,001
001,004
001,004
001,009
001,006
001,004
001,003
001,007
001,007
001,007
001,007
001,007
001,004
001,007
001, ,51
006,005
006,005
006,006
006,001
006,006
006,006
006,006
006,006
006,006
006,006
006,006
006,006
006,006
006,005
006,006
006,003
006,001
006,007
006,007
006,007
006,007
006,007
006,006
006,007
006,007
006, ,44
001,001
001,001
001,001
001,001
001,001
001,001
001,001
001,001
001,001
001,001
001,001
001,002
001,006
001,005
001,005
001,004
001,006
001,003
001,005
001,004
001,006
001,006
001,004
001,006
001,005
001,005
001,004
001, ,40
007,007
007,007
007,007
007,007
007,007
007,007
007,007
007,007
007,007
007,007
007,007
007,007
007,007
007,007
007,007
007,007
007,007
007,007
007,007
007,007
007,007
007,007
007,007
007,007
007,005
007,007
007,006
007,007
007,008
007,007
007,007
007,008
007,008
007,005
007,001
007,007
007,007
007, ,81
006,006
006,006
006,007
006,005
006,009
006,005
006,009
006,003
006,005
006,008
006,006
006,006
006,006
006,006
006,006
006,005
006,005
006,005
006,005
006,005
006,005
006,005
006,006
006,001
006,006
006, ,16
007, ,0
004,004
004,004
004,004
004,004
004,004
004,004
004,001
004,001
004,001
004,001
004,001
004, ,54
007,007
007,007
007,007
007,007
007,007
007,007
007,007
007,007
007,007
007,007
007,008
007,008
007,007
007,008
007,008
007,008
007,008
007,007
007,007
007,007
007,007
007,007
007,007
007,007
007,007
007,008
007,007
007,007
007,007
007,007
007,009
007,007
007,007
007,007
007,007
007,007
007,007
007, ,78
003,003
003,003
003,009
003,009
003,006
003,003
003,009
003,009
003,005
003,009
003,005
003,008
003,006
003,003
003,009
003,003
003,003
003,003
003,003
003, ,15
009,003
009,002
009,009
009,002
009, ,0
008,008
008,008
008,008
008,008
008,008
008,008
008,008
008,008
008,008
008,008
008,008
008,008
008,008
008,008
008,008
008,008
008,008
008,008
008,008
008,008
008,008
008,008
008,008
008,008
008,008
008,008
008,008
008,008
008,008
008,008
008,008
008,008
008,008
008,008
008,008
008,008
008,008
008,008
008,008
008,008
008,008
008,008
008,008
008,008
008,008
008,008
008,008
008,008
008,008
008,008
008,008
008,008
008,008
008,008
008,008
008,007
008,008
008,008
008,007
008,001
008,001
008,001
008,009
008,005
008,007
008,005
008,007
008,009
008,005
008,005
008,005
008,008
008,009
008,005
008,007
008,007
008,008
008,005
008,005
008, ,75
007,007
007,007
007,007
007,007
007,007
007,007
007,007
007,007
007,007
007,007
007,007
007,007
007,007
007,007
007,007
007,007
007,007
007,007
007,007
007,007
007,007
007,008
007,007
007,007
007,006
007,007
007,007
007,007
007,007
007,007
007,007
007,007
007,007
007,007
007,007
007,007
007,007
007, ,81
006,006
006,009
006,006
006,006
006,006
006,005
006,003
006,003
006,007
006,007
006,007
006,007
006,007
006,007
006,007
006,003
006,003
006,005
006,001
006,001
006,005
006,005
006,001
006,005
006,001
006, ,16
001,006
001,005
001,007
001,003
001,003
001,005
001,005
001,003
001,003
001,007
001,001
001,003
001,005
001,007
001,007
001,003
001,003
001,001
001,005
001,008
001,003
001,003
001,003
001,003
001,005
001,004
001,003
001, ,7
003,003
003,003
003,003
003,003
003,003
003,003
003,003
003,003
003,001
003,005
003,006
003,003
003,007
003,007
003,009
003,001
003,006
003,005
003,005
003, ,42
007,007
007,007
007,007
007,007
007,007
007,007
007,007
007,007
007,007
007,007
007,007
007,007
007,007
007,007
007,007
007,007
007,007
007,007
007,007
007,007
007,007
007,007
007,007
007,007
007,007
007,007
007,007
007,007
007,007
007,007
007,007
007,007
007,001
007,001
007,001
007,007
007,007
007, ,91
005,005
005,005
005,005
005,005
005,005
005,001
005,008
005,008
005,008
005,008
005, ,10
008,008
008,008
008,008
008,008
008,008
008,008
008,008
008,008
008,008
008,008
008,008
008,008
008,008
008,008
008,008
008,008
008,008
008,008
008,008
008,008
008,008
008,008
008,008
008,008
008,008
008,008
008,008
008,008
008,008
008,008
008,008
008,008
008,007
008,008
008,008
008,008
008,008
008,008
008,008
008,008
008,008
008,008
008,008
008,008
008,008
008,008
008,003
008,005
008,007
008,007
008,007
008,007
008,009
008,008
008,008
008,007
008,008
008,008
008,008
008,007
008,003
008,001
008,001
008,001
008,007
008,008
008,008
008,008
008,008
008,008
008,008
008,008
008,009
008,008
008,005
008,005
008,005
008,009
008,008
008, ,72
006,006
006,005
006,005
006,005
006,005
006,005
006,006
006,006
006,006
006,006
006,005
006,006
006,005
006,005
006,005
006,006
006,005
006,005
006,005
006,005
006,005
006,005
006,005
006,005
006,005
006, ,28
001,001
001,001
001,001
001,001
001,001
001,001
001,004
001,001
001,001
001,001
001,001
001,004
001,001
001,001
001,004
001,008
001,008
001,008
001,008
001,008
001,008
001,004
001,008
001,008
001,008
001,008
001,008
001, ,44
004,004
004,004
004,004
004,004
004,004
004,004
004,001
004,001
004,001
004,001
004,001
004, ,54
005,005
005,005
005,005
005,005
005,005
005,005
005,005
005,005
005,005
005,005
005,005
005,005
005,005
005,005
005,005
005,005
005,005
005,005
005,005
005,005
005,005
005,005
005,005
005,005
005,006
005,006
005,006
005,006
005,005
005,008
005,005
005,006
005,005
005,006
005,006
005,006
005,006
005,008
005,006
005,005
005,006
005,008
005,006
005,008
005,005
005,009
005,009
005,005
005,005
005, ,61
006,006
006,006
006,006
006,006
006,006
006,006
006,006
006,007
006,007
006,006
006,006
006,005
006,002
006,005
006,007
006,007
006,007
006,006
006,007
006,002
006,007
006,007
006,006
006,007
006,001
006, ,44
005,008
005,005
005,005
005,005
005,006
005,009
005,009
005,005
005,005
005,005
005,008
005,005
005,005
005,006
005,008
005,008
005,008
005,008
005,005
005,008
005,008
005,008
005,005
005,005
005,008
005,008
005,007
005,005
005,008
005,005
005,005
005,008
005,008
005,008
005,008
005,008
005,008
005,009
005,008
005,001
005,003
005,008
005,008
005,008
005,008
005,008
005,008
005,001
005,005
005, ,30
007,007
007,007
007,007
007,007
007,007
007,007
007,007
007,007
007,007
007,007
007,007
007,007
007,007
007,007
007,007
007,008
007,007
007,007
007,007
007,007
007,007
007,007
007,008
007,007
007,007
007,007
007,007
007,007
007,007
007,007
007,007
007,007
007,007
007,007
007,007
007,007
007,007
007, ,81
005,005
005,005
005,006
005,005
005,005
005,008
005,009
005,001
005,005
005,005
005,006
005,009
005,006
005,003
005,008
005,005
005,008
005,005
005,008
005,008
005,008
005,007
005,005
005,005
005,003
005,005
005,006
005,006
005,006
005,006
005,006
005,006
005,003
005,008
005,007
005,005
005,006
005,008
005,009
005,008
005,008
005,008
005,008
005,008
005,008
005,003
005,003
005,003
005,005
005, ,22
008,008
008,008
008,008
008,008
008,007
008,008
008,008
008,008
008,007
008,008
008,008
008,008
008,007
008,007
008,007
008,007
008,008
008,008
008,008
008,007
008,008
008,008
008,008
008,008
008,008
008,007
008,008
008,008
008,008
008,008
008,008
008,008
008,008
008,008
008,009
008,008
008,007
008,007
008,008
008,008
008,008
008,007
008,007
008,008
008,008
008,008
008,008
008,008
008,008
008,008
008,008
008,005
008,008
008,001
008,001
008,001
008,008
008,008
008,008
008,008
008,007
008,008
008,007
008,008
008,008
008,005
008,008
008,008
008,007
008,007
008,008
008,008
008,008
008,008
008,008
008,008
008,007
008,008
008,007
008, ,69
006,005
006,007
006,005
006,005
006,005
006,005
006,005
006,005
006,005
006,005
006,005
006,008
006,005
006,005
006,005
006,005
006,001
006,001
006,001
006,001
006,006
006,005
006,009
006,005
006,005
006, ,4
008,008
008,008
008,008
008,008
008,008
008,008
008,008
008,008
008,008
008,008
008,008
008,009
008,009
008,008
008,007
008,005
008,008
008,005
008,005
008,003
008,005
008,005
008,009
008,005
008,005
008,006
008,006
008,005
008,009
008,006
008,006
008,005
008,009
008,006
008,006
008,005
008,003
008,008
008,006
008,008
008,005
008,007
008,006
008,008
008,005
008,003
008,005
008,008
008,008
008,005
008,008
008,008
008,008
008,007
008,007
008,006
008,008
008,003
008,003
008,003
008,003
008,003
008,003
008,003
008,008
008,008
008,008
008,008
008,006
008,006
008,005
008,005
008,009
008,008
008,009
008,005
008,005
008,007
008,002
008, ,37
005,005
005,005
005,005
005,005
005,005
005,005
005,009
005,005
005,008
005,005
005,005
005,005
005,008
005,008
005,005
005,005
005,005
005,009
005,008
005,008
005,006
005,005
005,006
005,008
005,008
005,008
005,008
005,008
005,008
005,005
005,009
005,008
005,005
005,006
005,006
005,008
005,008
005,009
005,001
005,007
005,007
005,003
005,005
005,005
005,001
005,009
005,009
005,008
005,008
005, ,24
005,005
005,005
005,005
005,005
005,005
005,005
005,005
005,005
005,005
005,005
005,005
005,005
005,005
005,005
005,005
005,005
005,005
005,005
005,005
005,006
005,003
005,005
005,005
005,005
005,005
005,005
005,005
005,005
005,006
005,006
005,006
005,006
005,006
005,005
005,007
005,008
005,008
005,008
005,008
005,008
005,007
005,007
005,007
005,003
005,007
005,008
005,008
005,008
005,008
005, ,55
008,008
008,008
008,008
008,008
008,008
008,008
008,008
008,008
008,008
008,008
008,008
008,008
008,008
008,008
008,008
008,008
008,008
008,008
008,008
008,008
008,008
008,008
008,008
008,007
008,008
008,008
008,008
008,008
008,008
008,008
008,008
008,008
008,008
008,008
008,008
008,008
008,008
008,008
008,008
008,008
008,008
008,008
008,008
008,008
008,005
008,008
008,008
008,008
008,007
008,001
008,001
008,001
008,008
008,007
008,009
008,008
008,007
008,007
008,007
008,007
008,007
008,008
008,008
008,008
008,008
008,008
008,007
008,007
008,007
008,008
008,008
008,008
008,007
008,007
008,009
008,007
008,007
008,007
008,007
008, ,72
003,008
003,008
003,008
003,008
003,008
003,008
003,009
003,008
003,008
003,008
003,008
003,008
003,008
003,003
003,008
003,005
003,008
003,005
003,001
003, ,0
007,007
007,007
007,007
007,007
007,007
007,007
007,007
007,007
007,007
007,007
007,007
007,007
007,007
007,007
007,007
007,007
007,007
007,007
007,007
007,007
007,007
007,007
007,007
007,007
007,008
007,007
007,007
007,008
007,007
007,007
007,007
007,007
007,007
007,007
007,007
007,007
007,008
007, ,89
008,008
008,008
008,008
008,008
008,008
008,008
008,008
008,008
008,008
008,008
008,008
008,008
008,008
008,008
008,008
008,008
008,008
008,008
008,008
008,008
008,008
008,008
008,008
008,008
008,008
008,008
008,008
008,008
008,008
008,008
008,008
008,008
008,007
008,008
008,008
008,008
008,008
008,008
008,008
008,008
008,008
008,008
008,008
008,008
008,008
008,003
008,007
008,007
008,007
008,007
008,008
008,008
008,007
008,008
008,008
008,008
008,007
008,003
008,001
008,001
008,001
008,007
008,008
008,008
008,008
008,008
008,008
008,008
008,008
008,005
008,008
008,008
008,005
008,009
008,009
008,008
008,007
008,007
008,007
008, ,72
001,001
001,001
001,001
001,001
001,001
001,001
001,001
001,001
001,001
001,001
001,002
001,009
001,001
001,006
001,004
001,004
001,004
001,004
001,001
001,004
001,006
001,004
001,001
001,004
001,001
001,004
001,001
001, ,88
008,008
008,008
008,008
008,008
008,008
008,008
008,008
008,008
008,008
008,008
008,008
008,008
008,008
008,008
008,008
008,008
008,008
008,008
008,008
008,008
008,008
008,008
008,008
008,008
008,008
008,008
008,008
008,007
008,008
008,008
008,008
008,008
008,008
008,008
008,008
008,008
008,008
008,008
008,008
008,008
008,008
008,008
008,008
008,008
008,008
008,003
008,007
008,007
008,007
008,007
008,008
008,008
008,008
008,007
008,008
008,008
008,001
008,001
008,001
008,003
008,007
008,008
008,008
008,008
008,008
008,008
008,008
008,008
008,008
008,008
008,009
008,007
008,007
008,008
008,007
008,008
008,009
008,001
008,008
008, ,72
008,008
008,008
008,008
008,008
008,008
008,008
008,008
008,008
008,008
008,008
008,008
008,008
008,008
008,008
008,008
008,008
008,008
008,008
008,008
008,008
008,008
008,008
008,008
008,008
008,008
008,008
008,008
008,008
008,008
008,008
008,008
008,008
008,007
008,008
008,008
008,008
008,008
008,008
008,008
008,008
008,008
008,008
008,008
008,008
008,008
008,003
008,007
008,007
008,007
008,007
008,008
008,008
008,007
008,008
008,008
008,008
008,007
008,003
008,001
008,001
008,001
008,007
008,008
008,008
008,008
008,008
008,008
008,008
008,008
008,005
008,008
008,008
008,005
008,009
008,009
008,008
008,007
008,007
008,007
008, ,72
008,005
008,005
008,005
008,008
008,008
008,008
008,009
008,008
008,008
008,008
008,008
008,008
008,008
008,008
008,008
008,008
008,008
008,008
008,005
008,005
008,008
008,008
008,009
008,008
008,008
008,005
008,005
008,008
008,005
008,008
008,008
008,008
008,008
008,008
008,008
008,008
008,008
008,005
008,008
008,001
008,001
008,001
008,008
008,005
008,008
008,008
008,008
008,007
008,008
008,008
008,008
008,008
008,005
008,008
008,008
008,007
008,007
008,007
008,007
008,007
008,008
008,007
008,007
008,007
008,008
008,008
008,008
008,008
008,007
008,005
008,006
008,005
008,005
008,008
008,008
008,008
008,008
008,008
008,008
008, ,54
008,008
008,008
008,008
008,008
008,008
008,008
008,003
008,003
008,003
008,003
008,003
008,003
008,003
008,005
008,005
008,005
008,005
008,007
008,005
008,005
008,005
008,008
008,008
008,008
008,008
008,008
008,008
008,008
008,008
008,008
008,008
008,008
008,007
008,007
008,007
008,007
008,008
008,008
008,008
008,008
008,007
008,007
008,008
008,006
008,005
008,001
008,001
008,001
008,009
008,003
008,008
008,009
008,003
008,008
008,005
008,008
008,008
008,009
008,005
008,008
008,009
008,005
008,008
008,008
008,008
008,005
008,008
008,008
008,005
008,008
008,004
008,008
008,006
008,004
008,009
008,007
008,005
008,007
008,008
008, ,7
005,005
005,005
005,005
005,005
005,005
005,005
005,005
005,005
005,005
005,005
005,005
005,005
005,005
005,005
005,005
005,005
005,005
005,005
005,005
005,005
005,005
005,005
005,005
005,005
005,006
005,005
005,005
005,005
005,005
005,006
005,005
005,005
005,005
005,006
005,006
005,006
005,006
005,008
005,006
005,008
005,005
005,005
005,006
005,005
005,008
005,003
005,008
005,008
005,008
005, ,69
005,005
005,005
005,005
005,005
005,005
005,005
005,005
005,005
005,005
005,005
005,005
005,005
005,005
005,006
005,005
005,005
005,005
005,005
005,005
005,005
005,005
005,008
005,005
005,005
005,005
005,005
005,005
005,005
005,003
005,001
005,005
005,008
005,005
005,008
005,008
005,008
005,008
005,009
005,006
005,006
005,005
005,006
005,006
005,006
005,005
005,008
005,006
005,006
005,006
005, ,61
008,008
008,008
008,008
008,008
008,008
008,008
008,008
008,008
008,008
008,008
008,008
008,008
008,008
008,008
008,008
008,008
008,008
008,008
008,007
008,007
008,008
008,007
008,007
008,008
008,008
008,008
008,008
008,008
008,008
008,008
008,005
008,008
008,008
008,008
008,008
008,008
008,008
008,008
008,001
008,001
008,001
008,008
008,008
008,007
008,008
008,008
008,007
008,008
008,003
008,003
008,008
008,003
008,006
008,006
008,006
008,006
008,008
008,008
008,008
008,005
008,005
008,005
008,005
008,009
008,008
008,008
008,008
008,008
008,008
008,008
008,008
008,008
008,008
008,008
008,009
008,008
008,009
008,003
008,007
008, ,67
001,001
001,001
001,001
001,005
001,001
001,001
001,001
001,001
001,003
001,001
001,004
001,003
001,001
001,001
001,001
001,004
001,004
001,004
001,007
001,007
001,004
001,004
001,004
001,004
001,005
001,002
001,001
001, ,48
005,005
005,005
005,005
005,005
005,005
005,005
005,005
005,005
005,005
005,005
005,005
005,005
005,005
005,005
005,005
005,005
005,008
005,005
005,005
005,009
005,005
005,009
005,005
005,005
005,005
005,008
005,008
005,003
005,006
005,008
005,008
005,008
005,005
005,006
005,006
005,005
005,008
005,006
005,005
005,006
005,003
005,005
005,005
005,006
005,005
005,006
005,007
005,001
005,005
005, ,57
006,006
006,006
006,006
006,006
006,006
006,006
006,006
006,006
006,009
006,008
006,006
006,006
006,006
006,006
006,009
006,008
006,005
006,006
006,009
006,008
006,008
006,008
006,008
006,003
006,008
006, ,52
007,007
007,007
007,007
007,007
007,007
007,007
007,007
007,007
007,007
007,007
007,007
007,007
007,007
007,007
007,009
007,007
007,007
007,007
007,007
007,007
007,007
007,007
007,008
007,003
007,005
007,007
007,007
007,007
007,008
007,008
007,008
007,008
007,007
007,008
007,008
007,008
007,005
007, ,70
007,007
007,007
007,007
007,007
007,007
007,007
007,007
007,007
007,005
007,007
007,007
007,006
007,007
007,007
007,009
007,007
007,006
007,007
007,007
007,007
007,007
007,005
007,001
007,008
007,006
007,006
007,007
007,007
007,007
007,007
007,007
007,005
007,008
007,006
007,009
007,007
007,007
007, ,64
005,005
005,005
005,005
005,005
005,005
005,005
005,005
005,005
005,005
005,005
005,005
005,005
005,005
005,005
005,005
005,005
005,005
005,005
005,005
005,005
005,005
005,005
005,005
005,005
005,005
005,005
005,005
005,005
005,006
005,005
005,006
005,006
005,006
005,006
005,003
005,006
005,006
005,006
005,006
005,006
005,008
005,006
005,008
005,006
005,005
005,005
005,008
005,008
005,008
005, ,65
005,005
005,005
005,005
005,005
005,005
005,005
005,005
005,005
005,005
005,005
005,005
005,005
005,005
005,005
005,005
005,005
005,005
005,005
005,005
005,005
005,005
005,003
005,005
005,008
005,005
005,005
005,007
005,001
005,005
005,006
005,003
005,005
005,006
005,006
005,001
005,005
005,005
005,009
005,006
005,009
005,005
005,008
005,008
005,008
005,008
005,005
005,007
005,006
005,009
005, ,61
009,009
009,009
009,009
009,009
009,009
009,009
009,009
009,008
009,005
009,008
009,005
009,008
009,008
009,009
009,009
009,007
009,008
009, ,41
008,008
008,008
008,008
008,008
008,008
008,008
008,008
008,008
008,008
008,008
008,008
008,008
008,008
008,008
008,008
008,008
008,008
008,008
008,008
008,008
008,008
008,008
008,008
008,008
008,008
008,008
008,008
008,008
008,008
008,008
008,008
008,008
008,008
008,008
008,008
008,008
008,009
008,008
008,008
008,008
008,008
008,008
008,008
008,008
008,008
008,008
008,007
008,001
008,001
008,001
008,008
008,008
008,008
008,008
008,008
008,008
008,008
008,008
008,008
008,008
008,008
008,008
008,008
008,008
008,007
008,007
008,007
008,009
008,008
008,007
008,008
008,008
008,008
008,008
008,008
008,008
008,008
008,008
008,008
008, ,84
006,006
006,006
006,006
006,006
006,007
006,007
006,006
006,007
006,007
006,006
006,008
006,007
006,007
006,007
006,007
006,007
006,001
006,007
006,007
006,007
006,005
006,008
006,006
006,008
006,005
006, ,28
006,007
006,007
006,002
006,009
006,001
006,002
006,005
006,005
006,007
006,007
006,007
006,003
006,007
006,007
006,007
006,007
006,007
006,009
006,003
006,003
006,003
006,003
006,005
006,003
006,005
006, ,4
008,008
008,008
008,008
008,008
008,008
008,008
008,008
008,008
008,008
008,008
008,008
008,008
008,008
008,008
008,008
008,008
008,008
008,008
008,008
008,008
008,008
008,009
008,008
008,008
008,009
008,007
008,007
008,007
008,007
008,007
008,008
008,008
008,008
008,008
008,005
008,006
008,005
008,008
008,008
008,008
008,007
008,007
008,008
008,008
008,008
008,009
008,008
008,008
008,008
008,005
008,008
008,008
008,008
008,008
008,008
008,008
008,007
008,007
008,008
008,008
008,008
008,008
008,008
008,008
008,008
008,008
008,008
008,005
008,008
008,008
008,008
008,007
008,005
008,005
008,005
008,005
008,001
008,001
008,001
008, ,72
005,008
005,005
005,009
005,008
005,005
005,008
005,005
005,008
005,008
005,008
005,005
005,005
005,005
005,005
005,005
005,006
005,003
005,006
005,005
005,008
005,008
005,007
005,008
005,007
005,006
005,008
005,008
005,008
005,008
005,008
005,008
005,008
005,008
005,008
005,005
005,007
005,007
005,008
005,005
005,006
005,005
005,005
005,001
005,001
005,009
005,009
005,008
005,006
005,006
005, ,26
004,004
004,004
004,004
004,004
004,004
004,004
004,004
004,001
004,001
004,001
004,001
004, ,63
006,006
006,006
006,006
006,006
006,006
006,005
006,005
006,006
006,006
006,006
006,009
006,005
006,005
006,006
006,005
006,003
006,008
006,008
006,008
006,008
006,008
006,008
006,009
006,006
006,006
006, ,32
003,003
003,003
003,003
003,003
003,003
003,003
003,003
003,005
003,001
003,003
003,003
003,003
003,006
003,006
003,001
003,003
003,009
003,006
003,001
003, ,42
006,005
006,005
006,003
006,003
006,003
006,003
006,003
006,003
006,003
006,009
006,008
006,008
006,005
006,008
006,009
006,009
006,005
006,005
006,006
006,006
006,008
006,006
006,008
006,008
006,008
006, ,20
008,008
008,008
008,008
008,008
008,008
008,008
008,008
008,008
008,008
008,008
008,008
008,008
008,008
008,008
008,008
008,008
008,008
008,008
008,008
008,008
008,008
008,008
008,008
008,008
008,008
008,008
008,008
008,001
008,001
008,001
008,008
008,008
008,008
008,008
008,008
008,008
008,008
008,008
008,008
008,007
008,008
008,008
008,008
008,008
008,008
008,008
008,008
008,008
008,009
008,008
008,008
008,008
008,008
008,008
008,008
008,005
008,005
008,008
008,009
008,008
008,008
008,008
008,008
008,008
008,008
008,005
008,009
008,003
008,003
008,006
008,009
008,008
008,007
008,007
008,003
008,003
008,008
008,007
008,005
008, ,79
003,003
003,003
003,003
003,003
003,003
003,003
003,003
003,005
003,001
003,003
003,003
003,003
003,006
003,006
003,001
003,003
003,009
003,006
003,001
003, ,42
008,008
008,008
008,008
008,008
008,008
008,008
008,008
008,008
008,008
008,008
008,008
008,008
008,008
008,008
008,008
008,008
008,008
008,008
008,008
008,008
008,008
008,008
008,008
008,008
008,008
008,008
008,008
008,007
008,008
008,008
008,008
008,008
008,008
008,008
008,008
008,008
008,008
008,008
008,008
008,008
008,008
008,008
008,008
008,008
008,008
008,003
008,007
008,007
008,007
008,007
008,008
008,008
008,008
008,007
008,008
008,008
008,001
008,001
008,001
008,003
008,007
008,008
008,008
008,008
008,008
008,008
008,008
008,008
008,008
008,008
008,009
008,007
008,007
008,008
008,007
008,008
008,009
008,001
008,008
008, ,72
005,005
005,005
005,005
005,005
005,005
005,005
005,005
005,005
005,005
005,005
005,005
005,005
005,005
005,005
005,005
005,005
005,005
005,005
005,005
005,005
005,005
005,005
005,005
005,008
005,005
005,005
005,006
005,006
005,005
005,009
005,005
005,006
005,008
005,006
005,006
005,008
005,008
005,008
005,008
005,008
005,008
005,008
005,008
005,006
005,008
005,008
005,008
005,008
005,006
005, ,57
008,008
008,008
008,008
008,008
008,008
008,008
008,008
008,008
008,008
008,008
008,008
008,008
008,008
008,008
008,008
008,008
008,008
008,007
008,008
008,008
008,007
008,008
008,008
008,008
008,008
008,008
008,008
008,008
008,008
008,008
008,008
008,008
008,008
008,008
008,008
008,008
008,008
008,008
008,008
008,008
008,008
008,008
008,008
008,001
008,001
008,001
008,008
008,008
008,008
008,008
008,008
008,008
008,008
008,008
008,008
008,008
008,008
008,008
008,008
008,007
008,005
008,007
008,007
008,007
008,007
008,008
008,007
008,007
008,007
008,007
008,007
008,008
008,008
008,007
008,007
008,007
008,007
008,008
008,005
008, ,73
006,006
006,006
006,006
006,006
006,006
006,005
006,005
006,006
006,006
006,006
006,009
006,005
006,005
006,006
006,005
006,003
006,008
006,008
006,008
006,008
006,008
006,008
006,009
006,006
006,006
006, ,32
004,001
004,001
004,001
004,004
004,001
004,001
004,001
004,001
004,001
004,001
004,001
004, ,9
003,003
003,003
003,003
003,007
003,009
003,008
003,008
003,008
003,007
003,007
003,008
003,003
003,003
003,005
003,009
003,001
003,001
003,005
003,005
003, ,26
008,008
008,008
008,008
008,008
008,008
008,008
008,008
008,008
008,008
008,008
008,008
008,008
008,008
008,008
008,008
008,008
008,008
008,008
008,008
008,008
008,008
008,008
008,008
008,008
008,008
008,008
008,008
008,007
008,008
008,008
008,008
008,008
008,008
008,008
008,008
008,008
008,008
008,008
008,008
008,008
008,008
008,008
008,008
008,008
008,008
008,003
008,007
008,007
008,007
008,007
008,008
008,008
008,008
008,007
008,008
008,008
008,001
008,001
008,001
008,003
008,007
008,008
008,008
008,008
008,008
008,008
008,008
008,008
008,008
008,008
008,009
008,007
008,007
008,008
008,007
008,008
008,009
008,001
008,008
008, ,72
007,007
007,007
007,007
007,007
007,007
007,007
007,007
007,007
007,007
007,007
007,007
007,007
007,007
007,007
007,007
007,007
007,007
007,007
007,007
007,007
007,007
007,007
007,006
007,007
007,009
007,007
007,007
007,006
007,006
007,006
007,006
007,007
007,008
007,001
007,001
007,001
007,006
007, ,70
008,008
008,008
008,008
008,008
008,008
008,008
008,008
008,008
008,008
008,008
008,008
008,008
008,001
008,001
008,001
008,008
008,008
008,008
008,008
008,009
008,008
008,008
008,008
008,008
008,008
008,008
008,008
008,008
008,008
008,008
008,007
008,008
008,008
008,008
008,007
008,007
008,007
008,008
008,008
008,008
008,008
008,008
008,008
008,008
008,008
008,008
008,008
008,008
008,008
008,008
008,008
008,008
008,008
008,008
008,008
008,008
008,008
008,008
008,008
008,008
008,007
008,008
008,007
008,007
008,007
008,007
008,007
008,007
008,007
008,009
008,008
008,007
008,007
008,008
008,005
008,007
008,007
008,009
008,006
008, ,70
005,005
005,005
005,005
005,005
005,005
005,005
005,005
005,005
005,005
005,005
005,005
005,005
005,005
005,005
005,005
005,005
005,005
005,005
005,005
005,005
005,005
005,005
005,006
005,005
005,006
005,006
005,006
005,006
005,005
005,005
005,005
005,005
005,006
005,006
005,006
005,005
005,006
005,005
005,006
005,005
005,005
005,006
005,007
005,008
005,006
005,001
005,007
005,008
005,008
005, ,67
009,009
009,009
009,009
009,009
009,009
009,009
009,009
009,009
009,007
009,008
009,005
009,008
009,003
009,008
009,009
009,009
009,005
009, ,58
001,001
001,001
001,004
001,001
001,001
001,001
001,001
001,001
001,001
001,001
001,001
001,001
001,001
001,004
001,004
001,004
001,009
001,006
001,004
001,003
001,004
001,009
001,009
001,007
001,008
001,002
001,007
001, ,51
007,007
007,007
007,007
007,007
007,007
007,007
007,007
007,007
007,007
007,007
007,007
007,007
007,008
007,007
007,007
007,007
007,007
007,007
007,007
007,007
007,008
007,008
007,007
007,007
007,007
007,008
007,007
007,007
007,007
007,007
007,008
007,007
007,007
007,008
007,008
007,008
007,008
007, ,70
006,006
006,009
006,006
006,006
006,006
006,006
006,006
006,006
006,001
006,008
006,004
006,001
006,006
006,001
006,001
006,009
006,003
006,008
006,005
006,001
006,002
006,001
006,004
006,001
006,005
006, ,32
008,008
008,008
008,008
008,008
008,008
008,008
008,008
008,008
008,008
008,008
008,008
008,008
008,008
008,008
008,008
008,008
008,008
008,008
008,007
008,008
008,008
008,008
008,008
008,008
008,008
008,008
008,008
008,008
008,008
008,008
008,008
008,008
008,008
008,008
008,008
008,008
008,008
008,008
008,008
008,008
008,008
008,008
008,008
008,007
008,007
008,007
008,007
008,007
008,008
008,008
008,008
008,008
008,008
008,008
008,008
008,008
008,008
008,008
008,008
008,008
008,008
008,008
008,008
008,007
008,007
008,009
008,001
008,001
008,001
008,007
008,008
008,008
008,008
008,008
008,008
008,007
008,008
008,007
008,007
008, ,82
009,009
009,009
009,007
009,008
009,008
009,009
009,009
009,009
009,009
009,005
009,003
009,006
009,005
009,009
009,008
009,008
009,008
009, ,35
008,008
008,008
008,008
008,008
008,008
008,008
008,008
008,008
008,008
008,008
008,008
008,008
008,008
008,008
008,008
008,008
008,008
008,008
008,008
008,008
008,008
008,008
008,008
008,008
008,008
008,008
008,008
008,008
008,008
008,008
008,008
008,008
008,008
008,008
008,007
008,008
008,008
008,008
008,008
008,008
008,008
008,008
008,008
008,008
008,008
008,005
008,008
008,008
008,007
008,008
008,009
008,009
008,007
008,001
008,001
008,001
008,008
008,007
008,007
008,007
008,007
008,008
008,007
008,008
008,008
008,007
008,007
008,005
008,008
008,008
008,008
008,005
008,007
008,007
008,008
008,007
008,005
008,005
008,008
008, ,70
001,001
001,001
001,001
001,004
001,001
001,001
001,001
001,001
001,001
001,001
001,001
001,001
001,001
001,004
001,004
001,004
001,007
001,007
001,007
001,008
001,005
001,006
001,005
001,004
001,006
001,008
001,007
001, ,51
005,005
005,009
005,005
005,005
005,008
005,005
005,005
005,005
005,005
005,005
005,008
005,005
005,008
005,008
005,005
005,008
005,005
005,008
005,005
005,005
005,008
005,005
005,008
005,008
005,008
005,009
005,007
005,005
005,005
005,005
005,005
005,005
005,005
005,008
005,008
005,008
005,008
005,008
005,009
005,008
005,008
005,009
005,005
005,005
005,005
005,005
005,005
005,005
005,005
005, ,51
005,005
005,005
005,005
005,005
005,005
005,005
005,005
005,005
005,005
005,005
005,005
005,005
005,005
005,005
005,005
005,005
005,005
005,005
005,005
005,005
005,005
005,005
005,005
005,005
005,006
005,006
005,006
005,006
005,005
005,008
005,005
005,006
005,005
005,006
005,006
005,006
005,006
005,008
005,006
005,005
005,006
005,008
005,006
005,008
005,005
005,009
005,009
005,005
005,005
005, ,61
001,001
001,001
001,001
001,004
001,001
001,001
001,001
001,001
001,001
001,001
001,001
001,001
001,001
001,004
001,004
001,004
001,007
001,007
001,007
001,008
001,005
001,006
001,005
001,004
001,006
001,008
001,007
001, ,51
008,008
008,008
008,008
008,008
008,008
008,008
008,008
008,008
008,008
008,008
008,008
008,008
008,008
008,008
008,008
008,008
008,008
008,007
008,007
008,007
008,008
008,008
008,007
008,008
008,008
008,008
008,008
008,008
008,008
008,008
008,008
008,008
008,007
008,007
008,009
008,008
008,008
008,007
008,008
008,008
008,001
008,001
008,001
008,008
008,008
008,005
008,008
008,008
008,008
008,008
008,008
008,007
008,008
008,008
008,008
008,007
008,008
008,005
008,007
008,007
008,008
008,007
008,007
008,007
008,008
008,008
008,008
008,008
008,008
008,008
008,008
008,008
008,008
008,008
008,008
008,008
008,008
008,008
008,008
008, ,74
002,002
002,006
002,002
002, ,66
008,008
008,008
008,008
008,008
008,008
008,008
008,008
008,008
008,008
008,008
008,008
008,009
008,009
008,008
008,003
008,005
008,005
008,009
008,005
008,008
008,005
008,007
008,006
008,006
008,005
008,006
008,006
008,005
008,005
008,005
008,006
008,009
008,003
008,006
008,005
008,009
008,008
008,005
008,006
008,008
008,008
008,005
008,006
008,003
008,008
008,008
008,007
008,008
008,008
008,005
008,006
008,003
008,003
008,003
008,006
008,003
008,003
008,003
008,003
008,008
008,009
008,008
008,008
008,008
008,006
008,009
008,009
008,008
008,008
008,009
008,008
008,006
008,006
008,001
008,003
008,003
008,009
008,008
008,005
008, ,39
008,008
008,008
008,008
008,008
008,008
008,008
008,008
008,008
008,008
008,008
008,008
008,007
008,007
008,008
008,008
008,007
008,008
008,008
008,003
008,008
008,008
008,008
008,008
008,008
008,008
008,008
008,008
008,009
008,008
008,008
008,008
008,008
008,008
008,007
008,007
008,008
008,008
008,008
008,008
008,008
008,008
008,008
008,008
008,008
008,008
008,008
008,008
008,008
008,008
008,008
008,008
008,006
008,003
008,007
008,008
008,005
008,008
008,008
008,008
008,008
008,008
008,008
008,008
008,008
008,008
008,008
008,005
008,001
008,005
008,005
008,007
008,008
008,009
008,001
008,001
008,001
008,007
008,007
008,007
008, ,70
008,008
008,008
008,008
008,008
008,008
008,008
008,008
008,008
008,008
008,008
008,008
008,009
008,009
008,008
008,008
008,005
008,005
008,005
008,005
008,005
008,005
008,003
008,009
008,007
008,006
008,006
008,005
008,009
008,009
008,006
008,005
008,006
008,005
008,005
008,006
008,005
008,006
008,008
008,006
008,008
008,008
008,006
008,006
008,009
008,008
008,008
008,003
008,001
008,007
008,008
008,006
008,008
008,005
008,008
008,007
008,005
008,006
008,009
008,008
008,009
008,008
008,005
008,005
008,005
008,005
008,005
008,006
008,008
008,008
008,006
008,008
008,008
008,008
008,008
008,008
008,008
008,003
008,003
008,003
008, ,41
005,005
005,006
005,005
005,005
005,005
005,005
005,005
005,005
005,006
005,005
005,005
005,005
005,005
005,006
005,005
005,005
005,006
005,006
005,005
005,005
005,005
005,005
005,005
005,006
005,005
005,005
005,005
005,006
005,005
005,005
005,006
005,007
005,009
005,005
005,006
005,006
005,006
005,006
005,006
005,005
005,005
005,006
005,005
005,008
005,001
005,001
005,005
005,009
005,006
005, ,59
008,008
008,008
008,008
008,008
008,008
008,008
008,008
008,008
008,008
008,008
008,008
008,008
008,008
008,008
008,008
008,008
008,008
008,008
008,008
008,008
008,008
008,009
008,008
008,008
008,008
008,008
008,008
008,008
008,008
008,008
008,008
008,008
008,008
008,008
008,008
008,008
008,008
008,008
008,008
008,008
008,008
008,008
008,008
008,008
008,008
008,008
008,001
008,001
008,001
008,008
008,008
008,005
008,008
008,009
008,008
008,008
008,008
008,005
008,008
008,007
008,008
008,008
008,009
008,008
008,008
008,008
008,008
008,007
008,007
008,007
008,008
008,007
008,009
008,007
008,008
008,008
008,008
008,007
008,007
008, ,75
005,003
005,005
005,005
005,008
005,005
005,005
005,009
005,009
005,005
005,003
005,007
005,006
005,006
005,008
005,005
005,005
005,008
005,008
005,008
005,008
005,009
005,002
005,005
005,006
005,008
005,006
005,008
005,009
005,009
005,005
005,005
005,009
005,005
005,005
005,008
005,006
005,007
005,008
005,005
005,009
005,001
005,008
005,005
005,005
005,008
005,009
005,003
005,003
005,003
005, ,28
005,005
005,005
005,005
005,005
005,005
005,005
005,007
005,005
005,005
005,005
005,005
005,005
005,005
005,005
005,005
005,005
005,005
005,005
005,005
005,005
005,005
005,005
005,005
005,005
005,005
005,005
005,005
005,005
005,005
005,005
005,001
005,003
005,006
005,006
005,008
005,007
005,008
005,006
005,008
005,008
005,008
005,008
005,007
005,008
005,008
005,006
005,007
005,007
005,007
005, ,67
008,008
008,008
008,008
008,008
008,008
008,008
008,008
008,008
008,007
008,008
008,007
008,008
008,008
008,008
008,008
008,008
008,008
008,008
008,008
008,008
008,008
008,008
008,008
008,008
008,008
008,008
008,008
008,008
008,008
008,008
008,007
008,007
008,007
008,007
008,008
008,007
008,008
008,008
008,008
008,008
008,008
008,007
008,001
008,001
008,001
008,008
008,008
008,008
008,008
008,008
008,008
008,008
008,008
008,008
008,008
008,008
008,008
008,008
008,008
008,008
008,008
008,008
008,008
008,009
008,008
008,007
008,007
008,007
008,007
008,007
008,007
008,005
008,007
008,007
008,008
008,008
008,008
008,008
008,008
008, ,70
008, ,0
005,005
005,005
005,005
005,005
005,005
005,005
005,005
005,005
005,006
005,005
005,005
005, ,4
008,008
008,008
008,008
008,008
008,008
008,008
008,008
008,008
008,008
008,008
008,008
008,008
008,008
008,008
008,008
008,008
008,008
008,008
008,008
008,008
008,008
008,008
008,008
008,008
008,008
008,008
008,008
008,008
008,008
008,008
008,008
008,008
008,008
008,008
008,007
008,008
008,008
008,008
008,008
008,008
008,008
008,008
008,008
008,008
008,008
008,005
008,008
008,008
008,007
008,008
008,009
008,009
008,007
008,001
008,001
008,001
008,008
008,007
008,007
008,007
008,007
008,008
008,007
008,008
008,008
008,007
008,007
008,005
008,008
008,008
008,008
008,005
008,007
008,007
008,008
008,007
008,005
008,005
008,008
008, ,70
001,001
001,001
001,001
001,004
001,001
001,001
001,001
001,001
001,001
001,001
001,001
001,001
001,001
001,004
001,004
001,004
001,004
001,004
001,006
001,004
001,007
001,006
001,001
001,001
001,008
001,006
001,001
001, ,62
006,006
006,006
006,006
006,006
006,007
006,007
006,007
006,007
006,007
006,007
006,007
006,006
006,006
006,006
006,006
006,006
006,006
006,006
006,005
006,006
006,008
006,007
006,005
006,005
006,006
006, ,44
006,006
006,006
006,005
006,006
006,006
006,006
006,007
006,008
006,005
006,005
006,007
006,007
006,003
006,007
006,008
006,001
006,005
006,007
006,005
006,001
006,003
006,003
006,009
006,007
006,008
006, ,24
004,004
004,001
004,001
004,001
004,001
004,001
004,001
004,001
004,001
004,004
004,001
004, ,18
001,001
001,001
001,001
001,001
001,001
001,001
001,001
001,001
001,001
001,001
001,002
001,009
001,001
001,006
001,004
001,004
001,004
001,004
001,001
001,004
001,006
001,004
001,001
001,004
001,001
001,004
001,001
001, ,88
003,005
003,005
003,001
003,005
003,005
003,001
003,007
003,005
003,001
003,003
003,004
003,005
003,001
003,001
003,001
003,001
003,005
003,006
003,008
003, ,0
